idx,subset
0,"[1, 2, 3, 4, 5, 6]"
1,"[1, 2, 3, 4, 5, 7]"
2,"[1, 2, 3, 4, 5, 8]"
3,"[1, 2, 3, 4, 5, 9]"
4,"[1, 2, 3, 4, 5, 10]"
5,"[1, 2, 3, 4, 5, 11]"
6,"[1, 2, 3, 4, 5, 12]"
7,"[1, 2, 3, 4, 5, 13]"
8,"[1, 2, 3, 4, 5, 14]"
9,"[1, 2, 3, 4, 5, 15]"
10,"[1, 2, 3, 4, 5, 16]"
11,"[1, 2, 3, 4, 5, 17]"
12,"[1, 2, 3, 4, 5, 18]"
13,"[1, 2, 3, 4, 5, 19]"
14,"[1, 2, 3, 4, 5, 20]"
15,"[1, 2, 3, 4, 6, 7]"
16,"[1, 2, 3, 4, 6, 8]"
17,"[1, 2, 3, 4, 6, 9]"
18,"[1, 2, 3, 4, 6, 10]"
19,"[1, 2, 3, 4, 6, 11]"
20,"[1, 2, 3, 4, 6, 12]"
21,"[1, 2, 3, 4, 6, 13]"
22,"[1, 2, 3, 4, 6, 14]"
23,"[1, 2, 3, 4, 6, 15]"
24,"[1, 2, 3, 4, 6, 16]"
25,"[1, 2, 3, 4, 6, 17]"
26,"[1, 2, 3, 4, 6, 18]"
27,"[1, 2, 3, 4, 6, 19]"
28,"[1, 2, 3, 4, 6, 20]"
29,"[1, 2, 3, 4, 7, 8]"
30,"[1, 2, 3, 4, 7, 9]"
31,"[1, 2, 3, 4, 7, 10]"
32,"[1, 2, 3, 4, 7, 11]"
33,"[1, 2, 3, 4, 7, 12]"
34,"[1, 2, 3, 4, 7, 13]"
35,"[1, 2, 3, 4, 7, 14]"
36,"[1, 2, 3, 4, 7, 15]"
37,"[1, 2, 3, 4, 7, 16]"
38,"[1, 2, 3, 4, 7, 17]"
39,"[1, 2, 3, 4, 7, 18]"
40,"[1, 2, 3, 4, 7, 19]"
41,"[1, 2, 3, 4, 7, 20]"
42,"[1, 2, 3, 4, 8, 9]"
43,"[1, 2, 3, 4, 8, 10]"
44,"[1, 2, 3, 4, 8, 11]"
45,"[1, 2, 3, 4, 8, 12]"
46,"[1, 2, 3, 4, 8, 13]"
47,"[1, 2, 3, 4, 8, 14]"
48,"[1, 2, 3, 4, 8, 15]"
49,"[1, 2, 3, 4, 8, 16]"
50,"[1, 2, 3, 4, 8, 17]"
51,"[1, 2, 3, 4, 8, 18]"
52,"[1, 2, 3, 4, 8, 19]"
53,"[1, 2, 3, 4, 8, 20]"
54,"[1, 2, 3, 4, 9, 10]"
55,"[1, 2, 3, 4, 9, 11]"
56,"[1, 2, 3, 4, 9, 12]"
57,"[1, 2, 3, 4, 9, 13]"
58,"[1, 2, 3, 4, 9, 14]"
59,"[1, 2, 3, 4, 9, 15]"
60,"[1, 2, 3, 4, 9, 16]"
61,"[1, 2, 3, 4, 9, 17]"
62,"[1, 2, 3, 4, 9, 18]"
63,"[1, 2, 3, 4, 9, 19]"
64,"[1, 2, 3, 4, 9, 20]"
65,"[1, 2, 3, 4, 10, 11]"
66,"[1, 2, 3, 4, 10, 12]"
67,"[1, 2, 3, 4, 10, 13]"
68,"[1, 2, 3, 4, 10, 14]"
69,"[1, 2, 3, 4, 10, 15]"
70,"[1, 2, 3, 4, 10, 16]"
71,"[1, 2, 3, 4, 10, 17]"
72,"[1, 2, 3, 4, 10, 18]"
73,"[1, 2, 3, 4, 10, 19]"
74,"[1, 2, 3, 4, 10, 20]"
75,"[1, 2, 3, 4, 11, 12]"
76,"[1, 2, 3, 4, 11, 13]"
77,"[1, 2, 3, 4, 11, 14]"
78,"[1, 2, 3, 4, 11, 15]"
79,"[1, 2, 3, 4, 11, 16]"
80,"[1, 2, 3, 4, 11, 17]"
81,"[1, 2, 3, 4, 11, 18]"
82,"[1, 2, 3, 4, 11, 19]"
83,"[1, 2, 3, 4, 11, 20]"
84,"[1, 2, 3, 4, 12, 13]"
85,"[1, 2, 3, 4, 12, 14]"
86,"[1, 2, 3, 4, 12, 15]"
87,"[1, 2, 3, 4, 12, 16]"
88,"[1, 2, 3, 4, 12, 17]"
89,"[1, 2, 3, 4, 12, 18]"
90,"[1, 2, 3, 4, 12, 19]"
91,"[1, 2, 3, 4, 12, 20]"
92,"[1, 2, 3, 4, 13, 14]"
93,"[1, 2, 3, 4, 13, 15]"
94,"[1, 2, 3, 4, 13, 16]"
95,"[1, 2, 3, 4, 13, 17]"
96,"[1, 2, 3, 4, 13, 18]"
97,"[1, 2, 3, 4, 13, 19]"
98,"[1, 2, 3, 4, 13, 20]"
99,"[1, 2, 3, 4, 14, 15]"
100,"[1, 2, 3, 4, 14, 16]"
101,"[1, 2, 3, 4, 14, 17]"
102,"[1, 2, 3, 4, 14, 18]"
103,"[1, 2, 3, 4, 14, 19]"
104,"[1, 2, 3, 4, 14, 20]"
105,"[1, 2, 3, 4, 15, 16]"
106,"[1, 2, 3, 4, 15, 17]"
107,"[1, 2, 3, 4, 15, 18]"
108,"[1, 2, 3, 4, 15, 19]"
109,"[1, 2, 3, 4, 15, 20]"
110,"[1, 2, 3, 4, 16, 17]"
111,"[1, 2, 3, 4, 16, 18]"
112,"[1, 2, 3, 4, 16, 19]"
113,"[1, 2, 3, 4, 16, 20]"
114,"[1, 2, 3, 4, 17, 18]"
115,"[1, 2, 3, 4, 17, 19]"
116,"[1, 2, 3, 4, 17, 20]"
117,"[1, 2, 3, 4, 18, 19]"
118,"[1, 2, 3, 4, 18, 20]"
119,"[1, 2, 3, 4, 19, 20]"
120,"[1, 2, 3, 5, 6, 7]"
121,"[1, 2, 3, 5, 6, 8]"
122,"[1, 2, 3, 5, 6, 9]"
123,"[1, 2, 3, 5, 6, 10]"
124,"[1, 2, 3, 5, 6, 11]"
125,"[1, 2, 3, 5, 6, 12]"
126,"[1, 2, 3, 5, 6, 13]"
127,"[1, 2, 3, 5, 6, 14]"
128,"[1, 2, 3, 5, 6, 15]"
129,"[1, 2, 3, 5, 6, 16]"
130,"[1, 2, 3, 5, 6, 17]"
131,"[1, 2, 3, 5, 6, 18]"
132,"[1, 2, 3, 5, 6, 19]"
133,"[1, 2, 3, 5, 6, 20]"
134,"[1, 2, 3, 5, 7, 8]"
135,"[1, 2, 3, 5, 7, 9]"
136,"[1, 2, 3, 5, 7, 10]"
137,"[1, 2, 3, 5, 7, 11]"
138,"[1, 2, 3, 5, 7, 12]"
139,"[1, 2, 3, 5, 7, 13]"
140,"[1, 2, 3, 5, 7, 14]"
141,"[1, 2, 3, 5, 7, 15]"
142,"[1, 2, 3, 5, 7, 16]"
143,"[1, 2, 3, 5, 7, 17]"
144,"[1, 2, 3, 5, 7, 18]"
145,"[1, 2, 3, 5, 7, 19]"
146,"[1, 2, 3, 5, 7, 20]"
147,"[1, 2, 3, 5, 8, 9]"
148,"[1, 2, 3, 5, 8, 10]"
149,"[1, 2, 3, 5, 8, 11]"
150,"[1, 2, 3, 5, 8, 12]"
151,"[1, 2, 3, 5, 8, 13]"
152,"[1, 2, 3, 5, 8, 14]"
153,"[1, 2, 3, 5, 8, 15]"
154,"[1, 2, 3, 5, 8, 16]"
155,"[1, 2, 3, 5, 8, 17]"
156,"[1, 2, 3, 5, 8, 18]"
157,"[1, 2, 3, 5, 8, 19]"
158,"[1, 2, 3, 5, 8, 20]"
159,"[1, 2, 3, 5, 9, 10]"
160,"[1, 2, 3, 5, 9, 11]"
161,"[1, 2, 3, 5, 9, 12]"
162,"[1, 2, 3, 5, 9, 13]"
163,"[1, 2, 3, 5, 9, 14]"
164,"[1, 2, 3, 5, 9, 15]"
165,"[1, 2, 3, 5, 9, 16]"
166,"[1, 2, 3, 5, 9, 17]"
167,"[1, 2, 3, 5, 9, 18]"
168,"[1, 2, 3, 5, 9, 19]"
169,"[1, 2, 3, 5, 9, 20]"
170,"[1, 2, 3, 5, 10, 11]"
171,"[1, 2, 3, 5, 10, 12]"
172,"[1, 2, 3, 5, 10, 13]"
173,"[1, 2, 3, 5, 10, 14]"
174,"[1, 2, 3, 5, 10, 15]"
175,"[1, 2, 3, 5, 10, 16]"
176,"[1, 2, 3, 5, 10, 17]"
177,"[1, 2, 3, 5, 10, 18]"
178,"[1, 2, 3, 5, 10, 19]"
179,"[1, 2, 3, 5, 10, 20]"
180,"[1, 2, 3, 5, 11, 12]"
181,"[1, 2, 3, 5, 11, 13]"
182,"[1, 2, 3, 5, 11, 14]"
183,"[1, 2, 3, 5, 11, 15]"
184,"[1, 2, 3, 5, 11, 16]"
185,"[1, 2, 3, 5, 11, 17]"
186,"[1, 2, 3, 5, 11, 18]"
187,"[1, 2, 3, 5, 11, 19]"
188,"[1, 2, 3, 5, 11, 20]"
189,"[1, 2, 3, 5, 12, 13]"
190,"[1, 2, 3, 5, 12, 14]"
191,"[1, 2, 3, 5, 12, 15]"
192,"[1, 2, 3, 5, 12, 16]"
193,"[1, 2, 3, 5, 12, 17]"
194,"[1, 2, 3, 5, 12, 18]"
195,"[1, 2, 3, 5, 12, 19]"
196,"[1, 2, 3, 5, 12, 20]"
197,"[1, 2, 3, 5, 13, 14]"
198,"[1, 2, 3, 5, 13, 15]"
199,"[1, 2, 3, 5, 13, 16]"
200,"[1, 2, 3, 5, 13, 17]"
201,"[1, 2, 3, 5, 13, 18]"
202,"[1, 2, 3, 5, 13, 19]"
203,"[1, 2, 3, 5, 13, 20]"
204,"[1, 2, 3, 5, 14, 15]"
205,"[1, 2, 3, 5, 14, 16]"
206,"[1, 2, 3, 5, 14, 17]"
207,"[1, 2, 3, 5, 14, 18]"
208,"[1, 2, 3, 5, 14, 19]"
209,"[1, 2, 3, 5, 14, 20]"
210,"[1, 2, 3, 5, 15, 16]"
211,"[1, 2, 3, 5, 15, 17]"
212,"[1, 2, 3, 5, 15, 18]"
213,"[1, 2, 3, 5, 15, 19]"
214,"[1, 2, 3, 5, 15, 20]"
215,"[1, 2, 3, 5, 16, 17]"
216,"[1, 2, 3, 5, 16, 18]"
217,"[1, 2, 3, 5, 16, 19]"
218,"[1, 2, 3, 5, 16, 20]"
219,"[1, 2, 3, 5, 17, 18]"
220,"[1, 2, 3, 5, 17, 19]"
221,"[1, 2, 3, 5, 17, 20]"
222,"[1, 2, 3, 5, 18, 19]"
223,"[1, 2, 3, 5, 18, 20]"
224,"[1, 2, 3, 5, 19, 20]"
225,"[1, 2, 3, 6, 7, 8]"
226,"[1, 2, 3, 6, 7, 9]"
227,"[1, 2, 3, 6, 7, 10]"
228,"[1, 2, 3, 6, 7, 11]"
229,"[1, 2, 3, 6, 7, 12]"
230,"[1, 2, 3, 6, 7, 13]"
231,"[1, 2, 3, 6, 7, 14]"
232,"[1, 2, 3, 6, 7, 15]"
233,"[1, 2, 3, 6, 7, 16]"
234,"[1, 2, 3, 6, 7, 17]"
235,"[1, 2, 3, 6, 7, 18]"
236,"[1, 2, 3, 6, 7, 19]"
237,"[1, 2, 3, 6, 7, 20]"
238,"[1, 2, 3, 6, 8, 9]"
239,"[1, 2, 3, 6, 8, 10]"
240,"[1, 2, 3, 6, 8, 11]"
241,"[1, 2, 3, 6, 8, 12]"
242,"[1, 2, 3, 6, 8, 13]"
243,"[1, 2, 3, 6, 8, 14]"
244,"[1, 2, 3, 6, 8, 15]"
245,"[1, 2, 3, 6, 8, 16]"
246,"[1, 2, 3, 6, 8, 17]"
247,"[1, 2, 3, 6, 8, 18]"
248,"[1, 2, 3, 6, 8, 19]"
249,"[1, 2, 3, 6, 8, 20]"
250,"[1, 2, 3, 6, 9, 10]"
251,"[1, 2, 3, 6, 9, 11]"
252,"[1, 2, 3, 6, 9, 12]"
253,"[1, 2, 3, 6, 9, 13]"
254,"[1, 2, 3, 6, 9, 14]"
255,"[1, 2, 3, 6, 9, 15]"
256,"[1, 2, 3, 6, 9, 16]"
257,"[1, 2, 3, 6, 9, 17]"
258,"[1, 2, 3, 6, 9, 18]"
259,"[1, 2, 3, 6, 9, 19]"
260,"[1, 2, 3, 6, 9, 20]"
261,"[1, 2, 3, 6, 10, 11]"
262,"[1, 2, 3, 6, 10, 12]"
263,"[1, 2, 3, 6, 10, 13]"
264,"[1, 2, 3, 6, 10, 14]"
265,"[1, 2, 3, 6, 10, 15]"
266,"[1, 2, 3, 6, 10, 16]"
267,"[1, 2, 3, 6, 10, 17]"
268,"[1, 2, 3, 6, 10, 18]"
269,"[1, 2, 3, 6, 10, 19]"
270,"[1, 2, 3, 6, 10, 20]"
271,"[1, 2, 3, 6, 11, 12]"
272,"[1, 2, 3, 6, 11, 13]"
273,"[1, 2, 3, 6, 11, 14]"
274,"[1, 2, 3, 6, 11, 15]"
275,"[1, 2, 3, 6, 11, 16]"
276,"[1, 2, 3, 6, 11, 17]"
277,"[1, 2, 3, 6, 11, 18]"
278,"[1, 2, 3, 6, 11, 19]"
279,"[1, 2, 3, 6, 11, 20]"
280,"[1, 2, 3, 6, 12, 13]"
281,"[1, 2, 3, 6, 12, 14]"
282,"[1, 2, 3, 6, 12, 15]"
283,"[1, 2, 3, 6, 12, 16]"
284,"[1, 2, 3, 6, 12, 17]"
285,"[1, 2, 3, 6, 12, 18]"
286,"[1, 2, 3, 6, 12, 19]"
287,"[1, 2, 3, 6, 12, 20]"
288,"[1, 2, 3, 6, 13, 14]"
289,"[1, 2, 3, 6, 13, 15]"
290,"[1, 2, 3, 6, 13, 16]"
291,"[1, 2, 3, 6, 13, 17]"
292,"[1, 2, 3, 6, 13, 18]"
293,"[1, 2, 3, 6, 13, 19]"
294,"[1, 2, 3, 6, 13, 20]"
295,"[1, 2, 3, 6, 14, 15]"
296,"[1, 2, 3, 6, 14, 16]"
297,"[1, 2, 3, 6, 14, 17]"
298,"[1, 2, 3, 6, 14, 18]"
299,"[1, 2, 3, 6, 14, 19]"
300,"[1, 2, 3, 6, 14, 20]"
301,"[1, 2, 3, 6, 15, 16]"
302,"[1, 2, 3, 6, 15, 17]"
303,"[1, 2, 3, 6, 15, 18]"
304,"[1, 2, 3, 6, 15, 19]"
305,"[1, 2, 3, 6, 15, 20]"
306,"[1, 2, 3, 6, 16, 17]"
307,"[1, 2, 3, 6, 16, 18]"
308,"[1, 2, 3, 6, 16, 19]"
309,"[1, 2, 3, 6, 16, 20]"
310,"[1, 2, 3, 6, 17, 18]"
311,"[1, 2, 3, 6, 17, 19]"
312,"[1, 2, 3, 6, 17, 20]"
313,"[1, 2, 3, 6, 18, 19]"
314,"[1, 2, 3, 6, 18, 20]"
315,"[1, 2, 3, 6, 19, 20]"
316,"[1, 2, 3, 7, 8, 9]"
317,"[1, 2, 3, 7, 8, 10]"
318,"[1, 2, 3, 7, 8, 11]"
319,"[1, 2, 3, 7, 8, 12]"
320,"[1, 2, 3, 7, 8, 13]"
321,"[1, 2, 3, 7, 8, 14]"
322,"[1, 2, 3, 7, 8, 15]"
323,"[1, 2, 3, 7, 8, 16]"
324,"[1, 2, 3, 7, 8, 17]"
325,"[1, 2, 3, 7, 8, 18]"
326,"[1, 2, 3, 7, 8, 19]"
327,"[1, 2, 3, 7, 8, 20]"
328,"[1, 2, 3, 7, 9, 10]"
329,"[1, 2, 3, 7, 9, 11]"
330,"[1, 2, 3, 7, 9, 12]"
331,"[1, 2, 3, 7, 9, 13]"
332,"[1, 2, 3, 7, 9, 14]"
333,"[1, 2, 3, 7, 9, 15]"
334,"[1, 2, 3, 7, 9, 16]"
335,"[1, 2, 3, 7, 9, 17]"
336,"[1, 2, 3, 7, 9, 18]"
337,"[1, 2, 3, 7, 9, 19]"
338,"[1, 2, 3, 7, 9, 20]"
339,"[1, 2, 3, 7, 10, 11]"
340,"[1, 2, 3, 7, 10, 12]"
341,"[1, 2, 3, 7, 10, 13]"
342,"[1, 2, 3, 7, 10, 14]"
343,"[1, 2, 3, 7, 10, 15]"
344,"[1, 2, 3, 7, 10, 16]"
345,"[1, 2, 3, 7, 10, 17]"
346,"[1, 2, 3, 7, 10, 18]"
347,"[1, 2, 3, 7, 10, 19]"
348,"[1, 2, 3, 7, 10, 20]"
349,"[1, 2, 3, 7, 11, 12]"
350,"[1, 2, 3, 7, 11, 13]"
351,"[1, 2, 3, 7, 11, 14]"
352,"[1, 2, 3, 7, 11, 15]"
353,"[1, 2, 3, 7, 11, 16]"
354,"[1, 2, 3, 7, 11, 17]"
355,"[1, 2, 3, 7, 11, 18]"
356,"[1, 2, 3, 7, 11, 19]"
357,"[1, 2, 3, 7, 11, 20]"
358,"[1, 2, 3, 7, 12, 13]"
359,"[1, 2, 3, 7, 12, 14]"
360,"[1, 2, 3, 7, 12, 15]"
361,"[1, 2, 3, 7, 12, 16]"
362,"[1, 2, 3, 7, 12, 17]"
363,"[1, 2, 3, 7, 12, 18]"
364,"[1, 2, 3, 7, 12, 19]"
365,"[1, 2, 3, 7, 12, 20]"
366,"[1, 2, 3, 7, 13, 14]"
367,"[1, 2, 3, 7, 13, 15]"
368,"[1, 2, 3, 7, 13, 16]"
369,"[1, 2, 3, 7, 13, 17]"
370,"[1, 2, 3, 7, 13, 18]"
371,"[1, 2, 3, 7, 13, 19]"
372,"[1, 2, 3, 7, 13, 20]"
373,"[1, 2, 3, 7, 14, 15]"
374,"[1, 2, 3, 7, 14, 16]"
375,"[1, 2, 3, 7, 14, 17]"
376,"[1, 2, 3, 7, 14, 18]"
377,"[1, 2, 3, 7, 14, 19]"
378,"[1, 2, 3, 7, 14, 20]"
379,"[1, 2, 3, 7, 15, 16]"
380,"[1, 2, 3, 7, 15, 17]"
381,"[1, 2, 3, 7, 15, 18]"
382,"[1, 2, 3, 7, 15, 19]"
383,"[1, 2, 3, 7, 15, 20]"
384,"[1, 2, 3, 7, 16, 17]"
385,"[1, 2, 3, 7, 16, 18]"
386,"[1, 2, 3, 7, 16, 19]"
387,"[1, 2, 3, 7, 16, 20]"
388,"[1, 2, 3, 7, 17, 18]"
389,"[1, 2, 3, 7, 17, 19]"
390,"[1, 2, 3, 7, 17, 20]"
391,"[1, 2, 3, 7, 18, 19]"
392,"[1, 2, 3, 7, 18, 20]"
393,"[1, 2, 3, 7, 19, 20]"
394,"[1, 2, 3, 8, 9, 10]"
395,"[1, 2, 3, 8, 9, 11]"
396,"[1, 2, 3, 8, 9, 12]"
397,"[1, 2, 3, 8, 9, 13]"
398,"[1, 2, 3, 8, 9, 14]"
399,"[1, 2, 3, 8, 9, 15]"
400,"[1, 2, 3, 8, 9, 17]"
401,"[1, 2, 3, 8, 9, 18]"
402,"[1, 2, 3, 8, 9, 19]"
403,"[1, 2, 3, 8, 9, 20]"
404,"[1, 2, 3, 8, 10, 11]"
405,"[1, 2, 3, 8, 10, 12]"
406,"[1, 2, 3, 8, 10, 13]"
407,"[1, 2, 3, 8, 10, 14]"
408,"[1, 2, 3, 8, 10, 15]"
409,"[1, 2, 3, 8, 10, 16]"
410,"[1, 2, 3, 8, 10, 17]"
411,"[1, 2, 3, 8, 10, 18]"
412,"[1, 2, 3, 8, 10, 19]"
413,"[1, 2, 3, 8, 10, 20]"
414,"[1, 2, 3, 8, 11, 12]"
415,"[1, 2, 3, 8, 11, 13]"
416,"[1, 2, 3, 8, 11, 14]"
417,"[1, 2, 3, 8, 11, 15]"
418,"[1, 2, 3, 8, 11, 16]"
419,"[1, 2, 3, 8, 11, 17]"
420,"[1, 2, 3, 8, 11, 18]"
421,"[1, 2, 3, 8, 11, 19]"
422,"[1, 2, 3, 8, 11, 20]"
423,"[1, 2, 3, 8, 12, 13]"
424,"[1, 2, 3, 8, 12, 14]"
425,"[1, 2, 3, 8, 12, 15]"
426,"[1, 2, 3, 8, 12, 16]"
427,"[1, 2, 3, 8, 12, 17]"
428,"[1, 2, 3, 8, 12, 18]"
429,"[1, 2, 3, 8, 12, 19]"
430,"[1, 2, 3, 8, 12, 20]"
431,"[1, 2, 3, 8, 13, 14]"
432,"[1, 2, 3, 8, 13, 15]"
433,"[1, 2, 3, 8, 13, 16]"
434,"[1, 2, 3, 8, 13, 17]"
435,"[1, 2, 3, 8, 13, 18]"
436,"[1, 2, 3, 8, 13, 19]"
437,"[1, 2, 3, 8, 13, 20]"
438,"[1, 2, 3, 8, 14, 15]"
439,"[1, 2, 3, 8, 14, 16]"
440,"[1, 2, 3, 8, 14, 17]"
441,"[1, 2, 3, 8, 14, 18]"
442,"[1, 2, 3, 8, 14, 19]"
443,"[1, 2, 3, 8, 14, 20]"
444,"[1, 2, 3, 8, 15, 16]"
445,"[1, 2, 3, 8, 15, 17]"
446,"[1, 2, 3, 8, 15, 18]"
447,"[1, 2, 3, 8, 15, 19]"
448,"[1, 2, 3, 8, 15, 20]"
449,"[1, 2, 3, 8, 16, 17]"
450,"[1, 2, 3, 8, 16, 18]"
451,"[1, 2, 3, 8, 16, 19]"
452,"[1, 2, 3, 8, 16, 20]"
453,"[1, 2, 3, 8, 17, 18]"
454,"[1, 2, 3, 8, 17, 19]"
455,"[1, 2, 3, 8, 17, 20]"
456,"[1, 2, 3, 8, 18, 19]"
457,"[1, 2, 3, 8, 18, 20]"
458,"[1, 2, 3, 8, 19, 20]"
459,"[1, 2, 3, 9, 10, 11]"
460,"[1, 2, 3, 9, 10, 12]"
461,"[1, 2, 3, 9, 10, 13]"
462,"[1, 2, 3, 9, 10, 14]"
463,"[1, 2, 3, 9, 10, 15]"
464,"[1, 2, 3, 9, 10, 16]"
465,"[1, 2, 3, 9, 10, 17]"
466,"[1, 2, 3, 9, 10, 18]"
467,"[1, 2, 3, 9, 10, 19]"
468,"[1, 2, 3, 9, 10, 20]"
469,"[1, 2, 3, 9, 11, 12]"
470,"[1, 2, 3, 9, 11, 13]"
471,"[1, 2, 3, 9, 11, 14]"
472,"[1, 2, 3, 9, 11, 15]"
473,"[1, 2, 3, 9, 11, 16]"
474,"[1, 2, 3, 9, 11, 17]"
475,"[1, 2, 3, 9, 11, 18]"
476,"[1, 2, 3, 9, 11, 19]"
477,"[1, 2, 3, 9, 11, 20]"
478,"[1, 2, 3, 9, 12, 13]"
479,"[1, 2, 3, 9, 12, 14]"
480,"[1, 2, 3, 9, 12, 15]"
481,"[1, 2, 3, 9, 12, 16]"
482,"[1, 2, 3, 9, 12, 17]"
483,"[1, 2, 3, 9, 12, 18]"
484,"[1, 2, 3, 9, 12, 19]"
485,"[1, 2, 3, 9, 12, 20]"
486,"[1, 2, 3, 9, 13, 14]"
487,"[1, 2, 3, 9, 13, 15]"
488,"[1, 2, 3, 9, 13, 16]"
489,"[1, 2, 3, 9, 13, 17]"
490,"[1, 2, 3, 9, 13, 18]"
491,"[1, 2, 3, 9, 13, 19]"
492,"[1, 2, 3, 9, 13, 20]"
493,"[1, 2, 3, 9, 14, 15]"
494,"[1, 2, 3, 9, 14, 16]"
495,"[1, 2, 3, 9, 14, 17]"
496,"[1, 2, 3, 9, 14, 18]"
497,"[1, 2, 3, 9, 14, 19]"
498,"[1, 2, 3, 9, 14, 20]"
499,"[1, 2, 3, 9, 15, 16]"
500,"[1, 2, 3, 9, 15, 17]"
501,"[1, 2, 3, 9, 15, 18]"
502,"[1, 2, 3, 9, 15, 19]"
503,"[1, 2, 3, 9, 15, 20]"
504,"[1, 2, 3, 9, 16, 17]"
505,"[1, 2, 3, 9, 16, 18]"
506,"[1, 2, 3, 9, 16, 19]"
507,"[1, 2, 3, 9, 16, 20]"
508,"[1, 2, 3, 9, 17, 18]"
509,"[1, 2, 3, 9, 17, 19]"
510,"[1, 2, 3, 9, 17, 20]"
511,"[1, 2, 3, 9, 18, 19]"
512,"[1, 2, 3, 9, 18, 20]"
513,"[1, 2, 3, 9, 19, 20]"
514,"[1, 2, 3, 10, 11, 12]"
515,"[1, 2, 3, 10, 11, 13]"
516,"[1, 2, 3, 10, 11, 14]"
517,"[1, 2, 3, 10, 11, 15]"
518,"[1, 2, 3, 10, 11, 16]"
519,"[1, 2, 3, 10, 11, 17]"
520,"[1, 2, 3, 10, 11, 18]"
521,"[1, 2, 3, 10, 11, 19]"
522,"[1, 2, 3, 10, 11, 20]"
523,"[1, 2, 3, 10, 12, 13]"
524,"[1, 2, 3, 10, 12, 14]"
525,"[1, 2, 3, 10, 12, 15]"
526,"[1, 2, 3, 10, 12, 16]"
527,"[1, 2, 3, 10, 12, 17]"
528,"[1, 2, 3, 10, 12, 18]"
529,"[1, 2, 3, 10, 12, 19]"
530,"[1, 2, 3, 10, 12, 20]"
531,"[1, 2, 3, 10, 13, 14]"
532,"[1, 2, 3, 10, 13, 15]"
533,"[1, 2, 3, 10, 13, 16]"
534,"[1, 2, 3, 10, 13, 17]"
535,"[1, 2, 3, 10, 13, 18]"
536,"[1, 2, 3, 10, 13, 19]"
537,"[1, 2, 3, 10, 13, 20]"
538,"[1, 2, 3, 10, 14, 15]"
539,"[1, 2, 3, 10, 14, 16]"
540,"[1, 2, 3, 10, 14, 17]"
541,"[1, 2, 3, 10, 14, 18]"
542,"[1, 2, 3, 10, 14, 19]"
543,"[1, 2, 3, 10, 14, 20]"
544,"[1, 2, 3, 10, 15, 16]"
545,"[1, 2, 3, 10, 15, 17]"
546,"[1, 2, 3, 10, 15, 18]"
547,"[1, 2, 3, 10, 15, 19]"
548,"[1, 2, 3, 10, 15, 20]"
549,"[1, 2, 3, 10, 16, 17]"
550,"[1, 2, 3, 10, 16, 18]"
551,"[1, 2, 3, 10, 16, 19]"
552,"[1, 2, 3, 10, 16, 20]"
553,"[1, 2, 3, 10, 17, 18]"
554,"[1, 2, 3, 10, 17, 19]"
555,"[1, 2, 3, 10, 17, 20]"
556,"[1, 2, 3, 10, 18, 19]"
557,"[1, 2, 3, 10, 18, 20]"
558,"[1, 2, 3, 10, 19, 20]"
559,"[1, 2, 3, 11, 12, 13]"
560,"[1, 2, 3, 11, 12, 14]"
561,"[1, 2, 3, 11, 12, 15]"
562,"[1, 2, 3, 11, 12, 16]"
563,"[1, 2, 3, 11, 12, 17]"
564,"[1, 2, 3, 11, 12, 18]"
565,"[1, 2, 3, 11, 12, 19]"
566,"[1, 2, 3, 11, 12, 20]"
567,"[1, 2, 3, 11, 13, 14]"
568,"[1, 2, 3, 11, 13, 15]"
569,"[1, 2, 3, 11, 13, 16]"
570,"[1, 2, 3, 11, 13, 17]"
571,"[1, 2, 3, 11, 13, 18]"
572,"[1, 2, 3, 11, 13, 19]"
573,"[1, 2, 3, 11, 13, 20]"
574,"[1, 2, 3, 11, 14, 15]"
575,"[1, 2, 3, 11, 14, 16]"
576,"[1, 2, 3, 11, 14, 17]"
577,"[1, 2, 3, 11, 14, 18]"
578,"[1, 2, 3, 11, 14, 19]"
579,"[1, 2, 3, 11, 14, 20]"
580,"[1, 2, 3, 11, 15, 16]"
581,"[1, 2, 3, 11, 15, 17]"
582,"[1, 2, 3, 11, 15, 18]"
583,"[1, 2, 3, 11, 15, 19]"
584,"[1, 2, 3, 11, 15, 20]"
585,"[1, 2, 3, 11, 16, 17]"
586,"[1, 2, 3, 11, 16, 18]"
587,"[1, 2, 3, 11, 16, 19]"
588,"[1, 2, 3, 11, 16, 20]"
589,"[1, 2, 3, 11, 17, 18]"
590,"[1, 2, 3, 11, 17, 19]"
591,"[1, 2, 3, 11, 17, 20]"
592,"[1, 2, 3, 11, 18, 19]"
593,"[1, 2, 3, 11, 18, 20]"
594,"[1, 2, 3, 11, 19, 20]"
595,"[1, 2, 3, 12, 13, 14]"
596,"[1, 2, 3, 12, 13, 15]"
597,"[1, 2, 3, 12, 13, 16]"
598,"[1, 2, 3, 12, 13, 17]"
599,"[1, 2, 3, 12, 13, 18]"
600,"[1, 2, 3, 12, 13, 19]"
601,"[1, 2, 3, 12, 13, 20]"
602,"[1, 2, 3, 12, 14, 15]"
603,"[1, 2, 3, 12, 14, 16]"
604,"[1, 2, 3, 12, 14, 17]"
605,"[1, 2, 3, 12, 14, 18]"
606,"[1, 2, 3, 12, 14, 19]"
607,"[1, 2, 3, 12, 14, 20]"
608,"[1, 2, 3, 12, 15, 16]"
609,"[1, 2, 3, 12, 15, 17]"
610,"[1, 2, 3, 12, 15, 18]"
611,"[1, 2, 3, 12, 15, 19]"
612,"[1, 2, 3, 12, 15, 20]"
613,"[1, 2, 3, 12, 16, 17]"
614,"[1, 2, 3, 12, 16, 18]"
615,"[1, 2, 3, 12, 16, 19]"
616,"[1, 2, 3, 12, 16, 20]"
617,"[1, 2, 3, 12, 17, 18]"
618,"[1, 2, 3, 12, 17, 19]"
619,"[1, 2, 3, 12, 17, 20]"
620,"[1, 2, 3, 12, 18, 19]"
621,"[1, 2, 3, 12, 18, 20]"
622,"[1, 2, 3, 12, 19, 20]"
623,"[1, 2, 3, 13, 14, 15]"
624,"[1, 2, 3, 13, 14, 16]"
625,"[1, 2, 3, 13, 14, 17]"
626,"[1, 2, 3, 13, 14, 18]"
627,"[1, 2, 3, 13, 14, 19]"
628,"[1, 2, 3, 13, 14, 20]"
629,"[1, 2, 3, 13, 15, 16]"
630,"[1, 2, 3, 13, 15, 17]"
631,"[1, 2, 3, 13, 15, 18]"
632,"[1, 2, 3, 13, 15, 19]"
633,"[1, 2, 3, 13, 15, 20]"
634,"[1, 2, 3, 13, 16, 17]"
635,"[1, 2, 3, 13, 16, 18]"
636,"[1, 2, 3, 13, 16, 19]"
637,"[1, 2, 3, 13, 16, 20]"
638,"[1, 2, 3, 13, 17, 18]"
639,"[1, 2, 3, 13, 17, 19]"
640,"[1, 2, 3, 13, 17, 20]"
641,"[1, 2, 3, 13, 18, 19]"
642,"[1, 2, 3, 13, 18, 20]"
643,"[1, 2, 3, 13, 19, 20]"
644,"[1, 2, 3, 14, 15, 16]"
645,"[1, 2, 3, 14, 15, 17]"
646,"[1, 2, 3, 14, 15, 18]"
647,"[1, 2, 3, 14, 15, 19]"
648,"[1, 2, 3, 14, 15, 20]"
649,"[1, 2, 3, 14, 16, 17]"
650,"[1, 2, 3, 14, 16, 18]"
651,"[1, 2, 3, 14, 16, 19]"
652,"[1, 2, 3, 14, 16, 20]"
653,"[1, 2, 3, 14, 17, 18]"
654,"[1, 2, 3, 14, 17, 19]"
655,"[1, 2, 3, 14, 17, 20]"
656,"[1, 2, 3, 14, 18, 19]"
657,"[1, 2, 3, 14, 18, 20]"
658,"[1, 2, 3, 14, 19, 20]"
659,"[1, 2, 3, 15, 16, 17]"
660,"[1, 2, 3, 15, 16, 18]"
661,"[1, 2, 3, 15, 16, 19]"
662,"[1, 2, 3, 15, 16, 20]"
663,"[1, 2, 3, 15, 17, 18]"
664,"[1, 2, 3, 15, 17, 19]"
665,"[1, 2, 3, 15, 17, 20]"
666,"[1, 2, 3, 15, 18, 19]"
667,"[1, 2, 3, 15, 18, 20]"
668,"[1, 2, 3, 15, 19, 20]"
669,"[1, 2, 3, 16, 17, 18]"
670,"[1, 2, 3, 16, 17, 19]"
671,"[1, 2, 3, 16, 17, 20]"
672,"[1, 2, 3, 16, 18, 19]"
673,"[1, 2, 3, 16, 18, 20]"
674,"[1, 2, 3, 16, 19, 20]"
675,"[1, 2, 3, 17, 18, 19]"
676,"[1, 2, 3, 17, 18, 20]"
677,"[1, 2, 3, 17, 19, 20]"
678,"[1, 2, 3, 18, 19, 20]"
679,"[1, 2, 4, 5, 6, 7]"
680,"[1, 2, 4, 5, 6, 8]"
681,"[1, 2, 4, 5, 6, 9]"
682,"[1, 2, 4, 5, 6, 10]"
683,"[1, 2, 4, 5, 6, 11]"
684,"[1, 2, 4, 5, 6, 12]"
685,"[1, 2, 4, 5, 6, 13]"
686,"[1, 2, 4, 5, 6, 14]"
687,"[1, 2, 4, 5, 6, 15]"
688,"[1, 2, 4, 5, 6, 16]"
689,"[1, 2, 4, 5, 6, 17]"
690,"[1, 2, 4, 5, 6, 18]"
691,"[1, 2, 4, 5, 6, 19]"
692,"[1, 2, 4, 5, 6, 20]"
693,"[1, 2, 4, 5, 7, 8]"
694,"[1, 2, 4, 5, 7, 9]"
695,"[1, 2, 4, 5, 7, 10]"
696,"[1, 2, 4, 5, 7, 11]"
697,"[1, 2, 4, 5, 7, 12]"
698,"[1, 2, 4, 5, 7, 13]"
699,"[1, 2, 4, 5, 7, 14]"
700,"[1, 2, 4, 5, 7, 15]"
701,"[1, 2, 4, 5, 7, 16]"
702,"[1, 2, 4, 5, 7, 17]"
703,"[1, 2, 4, 5, 7, 18]"
704,"[1, 2, 4, 5, 7, 19]"
705,"[1, 2, 4, 5, 7, 20]"
706,"[1, 2, 4, 5, 8, 9]"
707,"[1, 2, 4, 5, 8, 10]"
708,"[1, 2, 4, 5, 8, 11]"
709,"[1, 2, 4, 5, 8, 12]"
710,"[1, 2, 4, 5, 8, 13]"
711,"[1, 2, 4, 5, 8, 14]"
712,"[1, 2, 4, 5, 8, 15]"
713,"[1, 2, 4, 5, 8, 16]"
714,"[1, 2, 4, 5, 8, 17]"
715,"[1, 2, 4, 5, 8, 18]"
716,"[1, 2, 4, 5, 8, 19]"
717,"[1, 2, 4, 5, 8, 20]"
718,"[1, 2, 4, 5, 9, 10]"
719,"[1, 2, 4, 5, 9, 11]"
720,"[1, 2, 4, 5, 9, 12]"
721,"[1, 2, 4, 5, 9, 13]"
722,"[1, 2, 4, 5, 9, 14]"
723,"[1, 2, 4, 5, 9, 15]"
724,"[1, 2, 4, 5, 9, 16]"
725,"[1, 2, 4, 5, 9, 17]"
726,"[1, 2, 4, 5, 9, 18]"
727,"[1, 2, 4, 5, 9, 19]"
728,"[1, 2, 4, 5, 9, 20]"
729,"[1, 2, 4, 5, 10, 11]"
730,"[1, 2, 4, 5, 10, 12]"
731,"[1, 2, 4, 5, 10, 13]"
732,"[1, 2, 4, 5, 10, 14]"
733,"[1, 2, 4, 5, 10, 15]"
734,"[1, 2, 4, 5, 10, 16]"
735,"[1, 2, 4, 5, 10, 17]"
736,"[1, 2, 4, 5, 10, 18]"
737,"[1, 2, 4, 5, 10, 19]"
738,"[1, 2, 4, 5, 10, 20]"
739,"[1, 2, 4, 5, 11, 12]"
740,"[1, 2, 4, 5, 11, 13]"
741,"[1, 2, 4, 5, 11, 14]"
742,"[1, 2, 4, 5, 11, 15]"
743,"[1, 2, 4, 5, 11, 16]"
744,"[1, 2, 4, 5, 11, 17]"
745,"[1, 2, 4, 5, 11, 18]"
746,"[1, 2, 4, 5, 11, 19]"
747,"[1, 2, 4, 5, 11, 20]"
748,"[1, 2, 4, 5, 12, 13]"
749,"[1, 2, 4, 5, 12, 14]"
750,"[1, 2, 4, 5, 12, 15]"
751,"[1, 2, 4, 5, 12, 16]"
752,"[1, 2, 4, 5, 12, 17]"
753,"[1, 2, 4, 5, 12, 18]"
754,"[1, 2, 4, 5, 12, 19]"
755,"[1, 2, 4, 5, 12, 20]"
756,"[1, 2, 4, 5, 13, 14]"
757,"[1, 2, 4, 5, 13, 15]"
758,"[1, 2, 4, 5, 13, 16]"
759,"[1, 2, 4, 5, 13, 17]"
760,"[1, 2, 4, 5, 13, 18]"
761,"[1, 2, 4, 5, 13, 19]"
762,"[1, 2, 4, 5, 13, 20]"
763,"[1, 2, 4, 5, 14, 15]"
764,"[1, 2, 4, 5, 14, 16]"
765,"[1, 2, 4, 5, 14, 17]"
766,"[1, 2, 4, 5, 14, 18]"
767,"[1, 2, 4, 5, 14, 19]"
768,"[1, 2, 4, 5, 14, 20]"
769,"[1, 2, 4, 5, 15, 16]"
770,"[1, 2, 4, 5, 15, 17]"
771,"[1, 2, 4, 5, 15, 18]"
772,"[1, 2, 4, 5, 15, 19]"
773,"[1, 2, 4, 5, 15, 20]"
774,"[1, 2, 4, 5, 16, 17]"
775,"[1, 2, 4, 5, 16, 18]"
776,"[1, 2, 4, 5, 16, 19]"
777,"[1, 2, 4, 5, 16, 20]"
778,"[1, 2, 4, 5, 17, 18]"
779,"[1, 2, 4, 5, 17, 19]"
780,"[1, 2, 4, 5, 17, 20]"
781,"[1, 2, 4, 5, 18, 19]"
782,"[1, 2, 4, 5, 18, 20]"
783,"[1, 2, 4, 5, 19, 20]"
784,"[1, 2, 4, 6, 7, 8]"
785,"[1, 2, 4, 6, 7, 9]"
786,"[1, 2, 4, 6, 7, 10]"
787,"[1, 2, 4, 6, 7, 11]"
788,"[1, 2, 4, 6, 7, 12]"
789,"[1, 2, 4, 6, 7, 13]"
790,"[1, 2, 4, 6, 7, 14]"
791,"[1, 2, 4, 6, 7, 15]"
792,"[1, 2, 4, 6, 7, 16]"
793,"[1, 2, 4, 6, 7, 17]"
794,"[1, 2, 4, 6, 7, 18]"
795,"[1, 2, 4, 6, 7, 19]"
796,"[1, 2, 4, 6, 7, 20]"
797,"[1, 2, 4, 6, 8, 9]"
798,"[1, 2, 4, 6, 8, 10]"
799,"[1, 2, 4, 6, 8, 11]"
800,"[1, 2, 4, 6, 8, 12]"
801,"[1, 2, 4, 6, 8, 13]"
802,"[1, 2, 4, 6, 8, 14]"
803,"[1, 2, 4, 6, 8, 15]"
804,"[1, 2, 4, 6, 8, 16]"
805,"[1, 2, 4, 6, 8, 17]"
806,"[1, 2, 4, 6, 8, 18]"
807,"[1, 2, 4, 6, 8, 19]"
808,"[1, 2, 4, 6, 8, 20]"
809,"[1, 2, 4, 6, 9, 10]"
810,"[1, 2, 4, 6, 9, 11]"
811,"[1, 2, 4, 6, 9, 12]"
812,"[1, 2, 4, 6, 9, 13]"
813,"[1, 2, 4, 6, 9, 14]"
814,"[1, 2, 4, 6, 9, 15]"
815,"[1, 2, 4, 6, 9, 16]"
816,"[1, 2, 4, 6, 9, 17]"
817,"[1, 2, 4, 6, 9, 18]"
818,"[1, 2, 4, 6, 9, 19]"
819,"[1, 2, 4, 6, 9, 20]"
820,"[1, 2, 4, 6, 10, 11]"
821,"[1, 2, 4, 6, 10, 12]"
822,"[1, 2, 4, 6, 10, 13]"
823,"[1, 2, 4, 6, 10, 14]"
824,"[1, 2, 4, 6, 10, 15]"
825,"[1, 2, 4, 6, 10, 16]"
826,"[1, 2, 4, 6, 10, 17]"
827,"[1, 2, 4, 6, 10, 18]"
828,"[1, 2, 4, 6, 10, 19]"
829,"[1, 2, 4, 6, 10, 20]"
830,"[1, 2, 4, 6, 11, 12]"
831,"[1, 2, 4, 6, 11, 13]"
832,"[1, 2, 4, 6, 11, 14]"
833,"[1, 2, 4, 6, 11, 15]"
834,"[1, 2, 4, 6, 11, 16]"
835,"[1, 2, 4, 6, 11, 17]"
836,"[1, 2, 4, 6, 11, 18]"
837,"[1, 2, 4, 6, 11, 19]"
838,"[1, 2, 4, 6, 11, 20]"
839,"[1, 2, 4, 6, 12, 13]"
840,"[1, 2, 4, 6, 12, 14]"
841,"[1, 2, 4, 6, 12, 15]"
842,"[1, 2, 4, 6, 12, 16]"
843,"[1, 2, 4, 6, 12, 17]"
844,"[1, 2, 4, 6, 12, 18]"
845,"[1, 2, 4, 6, 12, 19]"
846,"[1, 2, 4, 6, 12, 20]"
847,"[1, 2, 4, 6, 13, 14]"
848,"[1, 2, 4, 6, 13, 15]"
849,"[1, 2, 4, 6, 13, 16]"
850,"[1, 2, 4, 6, 13, 17]"
851,"[1, 2, 4, 6, 13, 18]"
852,"[1, 2, 4, 6, 13, 19]"
853,"[1, 2, 4, 6, 13, 20]"
854,"[1, 2, 4, 6, 14, 15]"
855,"[1, 2, 4, 6, 14, 16]"
856,"[1, 2, 4, 6, 14, 17]"
857,"[1, 2, 4, 6, 14, 18]"
858,"[1, 2, 4, 6, 14, 19]"
859,"[1, 2, 4, 6, 14, 20]"
860,"[1, 2, 4, 6, 15, 16]"
861,"[1, 2, 4, 6, 15, 17]"
862,"[1, 2, 4, 6, 15, 18]"
863,"[1, 2, 4, 6, 15, 19]"
864,"[1, 2, 4, 6, 15, 20]"
865,"[1, 2, 4, 6, 16, 17]"
866,"[1, 2, 4, 6, 16, 18]"
867,"[1, 2, 4, 6, 16, 19]"
868,"[1, 2, 4, 6, 16, 20]"
869,"[1, 2, 4, 6, 17, 18]"
870,"[1, 2, 4, 6, 17, 19]"
871,"[1, 2, 4, 6, 17, 20]"
872,"[1, 2, 4, 6, 18, 19]"
873,"[1, 2, 4, 6, 18, 20]"
874,"[1, 2, 4, 6, 19, 20]"
875,"[1, 2, 4, 7, 8, 9]"
876,"[1, 2, 4, 7, 8, 10]"
877,"[1, 2, 4, 7, 8, 11]"
878,"[1, 2, 4, 7, 8, 12]"
879,"[1, 2, 4, 7, 8, 13]"
880,"[1, 2, 4, 7, 8, 14]"
881,"[1, 2, 4, 7, 8, 15]"
882,"[1, 2, 4, 7, 8, 16]"
883,"[1, 2, 4, 7, 8, 17]"
884,"[1, 2, 4, 7, 8, 18]"
885,"[1, 2, 4, 7, 8, 19]"
886,"[1, 2, 4, 7, 8, 20]"
887,"[1, 2, 4, 7, 9, 10]"
888,"[1, 2, 4, 7, 9, 11]"
889,"[1, 2, 4, 7, 9, 12]"
890,"[1, 2, 4, 7, 9, 13]"
891,"[1, 2, 4, 7, 9, 14]"
892,"[1, 2, 4, 7, 9, 15]"
893,"[1, 2, 4, 7, 9, 16]"
894,"[1, 2, 4, 7, 9, 17]"
895,"[1, 2, 4, 7, 9, 18]"
896,"[1, 2, 4, 7, 9, 19]"
897,"[1, 2, 4, 7, 9, 20]"
898,"[1, 2, 4, 7, 10, 11]"
899,"[1, 2, 4, 7, 10, 12]"
900,"[1, 2, 4, 7, 10, 13]"
901,"[1, 2, 4, 7, 10, 14]"
902,"[1, 2, 4, 7, 10, 15]"
903,"[1, 2, 4, 7, 10, 16]"
904,"[1, 2, 4, 7, 10, 17]"
905,"[1, 2, 4, 7, 10, 18]"
906,"[1, 2, 4, 7, 10, 19]"
907,"[1, 2, 4, 7, 10, 20]"
908,"[1, 2, 4, 7, 11, 12]"
909,"[1, 2, 4, 7, 11, 13]"
910,"[1, 2, 4, 7, 11, 14]"
911,"[1, 2, 4, 7, 11, 15]"
912,"[1, 2, 4, 7, 11, 16]"
913,"[1, 2, 4, 7, 11, 17]"
914,"[1, 2, 4, 7, 11, 18]"
915,"[1, 2, 4, 7, 11, 19]"
916,"[1, 2, 4, 7, 11, 20]"
917,"[1, 2, 4, 7, 12, 13]"
918,"[1, 2, 4, 7, 12, 14]"
919,"[1, 2, 4, 7, 12, 15]"
920,"[1, 2, 4, 7, 12, 16]"
921,"[1, 2, 4, 7, 12, 17]"
922,"[1, 2, 4, 7, 12, 18]"
923,"[1, 2, 4, 7, 12, 19]"
924,"[1, 2, 4, 7, 12, 20]"
925,"[1, 2, 4, 7, 13, 14]"
926,"[1, 2, 4, 7, 13, 15]"
927,"[1, 2, 4, 7, 13, 16]"
928,"[1, 2, 4, 7, 13, 17]"
929,"[1, 2, 4, 7, 13, 18]"
930,"[1, 2, 4, 7, 13, 19]"
931,"[1, 2, 4, 7, 13, 20]"
932,"[1, 2, 4, 7, 14, 15]"
933,"[1, 2, 4, 7, 14, 16]"
934,"[1, 2, 4, 7, 14, 17]"
935,"[1, 2, 4, 7, 14, 18]"
936,"[1, 2, 4, 7, 14, 19]"
937,"[1, 2, 4, 7, 14, 20]"
938,"[1, 2, 4, 7, 15, 16]"
939,"[1, 2, 4, 7, 15, 17]"
940,"[1, 2, 4, 7, 15, 18]"
941,"[1, 2, 4, 7, 15, 19]"
942,"[1, 2, 4, 7, 15, 20]"
943,"[1, 2, 4, 7, 16, 17]"
944,"[1, 2, 4, 7, 16, 18]"
945,"[1, 2, 4, 7, 16, 19]"
946,"[1, 2, 4, 7, 16, 20]"
947,"[1, 2, 4, 7, 17, 18]"
948,"[1, 2, 4, 7, 17, 19]"
949,"[1, 2, 4, 7, 17, 20]"
950,"[1, 2, 4, 7, 18, 19]"
951,"[1, 2, 4, 7, 18, 20]"
952,"[1, 2, 4, 7, 19, 20]"
953,"[1, 2, 4, 8, 9, 10]"
954,"[1, 2, 4, 8, 9, 11]"
955,"[1, 2, 4, 8, 9, 12]"
956,"[1, 2, 4, 8, 9, 13]"
957,"[1, 2, 4, 8, 9, 14]"
958,"[1, 2, 4, 8, 9, 15]"
959,"[1, 2, 4, 8, 9, 17]"
960,"[1, 2, 4, 8, 9, 18]"
961,"[1, 2, 4, 8, 9, 19]"
962,"[1, 2, 4, 8, 9, 20]"
963,"[1, 2, 4, 8, 10, 11]"
964,"[1, 2, 4, 8, 10, 12]"
965,"[1, 2, 4, 8, 10, 13]"
966,"[1, 2, 4, 8, 10, 14]"
967,"[1, 2, 4, 8, 10, 15]"
968,"[1, 2, 4, 8, 10, 16]"
969,"[1, 2, 4, 8, 10, 17]"
970,"[1, 2, 4, 8, 10, 18]"
971,"[1, 2, 4, 8, 10, 19]"
972,"[1, 2, 4, 8, 10, 20]"
973,"[1, 2, 4, 8, 11, 12]"
974,"[1, 2, 4, 8, 11, 13]"
975,"[1, 2, 4, 8, 11, 14]"
976,"[1, 2, 4, 8, 11, 15]"
977,"[1, 2, 4, 8, 11, 16]"
978,"[1, 2, 4, 8, 11, 17]"
979,"[1, 2, 4, 8, 11, 18]"
980,"[1, 2, 4, 8, 11, 19]"
981,"[1, 2, 4, 8, 11, 20]"
982,"[1, 2, 4, 8, 12, 13]"
983,"[1, 2, 4, 8, 12, 14]"
984,"[1, 2, 4, 8, 12, 15]"
985,"[1, 2, 4, 8, 12, 16]"
986,"[1, 2, 4, 8, 12, 17]"
987,"[1, 2, 4, 8, 12, 18]"
988,"[1, 2, 4, 8, 12, 19]"
989,"[1, 2, 4, 8, 12, 20]"
990,"[1, 2, 4, 8, 13, 14]"
991,"[1, 2, 4, 8, 13, 15]"
992,"[1, 2, 4, 8, 13, 16]"
993,"[1, 2, 4, 8, 13, 17]"
994,"[1, 2, 4, 8, 13, 18]"
995,"[1, 2, 4, 8, 13, 19]"
996,"[1, 2, 4, 8, 13, 20]"
997,"[1, 2, 4, 8, 14, 15]"
998,"[1, 2, 4, 8, 14, 16]"
999,"[1, 2, 4, 8, 14, 17]"
1000,"[1, 2, 4, 8, 14, 18]"
1001,"[1, 2, 4, 8, 14, 19]"
1002,"[1, 2, 4, 8, 14, 20]"
1003,"[1, 2, 4, 8, 15, 16]"
1004,"[1, 2, 4, 8, 15, 17]"
1005,"[1, 2, 4, 8, 15, 18]"
1006,"[1, 2, 4, 8, 15, 19]"
1007,"[1, 2, 4, 8, 15, 20]"
1008,"[1, 2, 4, 8, 16, 17]"
1009,"[1, 2, 4, 8, 16, 18]"
1010,"[1, 2, 4, 8, 16, 19]"
1011,"[1, 2, 4, 8, 16, 20]"
1012,"[1, 2, 4, 8, 17, 18]"
1013,"[1, 2, 4, 8, 17, 19]"
1014,"[1, 2, 4, 8, 17, 20]"
1015,"[1, 2, 4, 8, 18, 19]"
1016,"[1, 2, 4, 8, 18, 20]"
1017,"[1, 2, 4, 8, 19, 20]"
1018,"[1, 2, 4, 9, 10, 11]"
1019,"[1, 2, 4, 9, 10, 12]"
1020,"[1, 2, 4, 9, 10, 13]"
1021,"[1, 2, 4, 9, 10, 14]"
1022,"[1, 2, 4, 9, 10, 15]"
1023,"[1, 2, 4, 9, 10, 16]"
1024,"[1, 2, 4, 9, 10, 17]"
1025,"[1, 2, 4, 9, 10, 18]"
1026,"[1, 2, 4, 9, 10, 19]"
1027,"[1, 2, 4, 9, 10, 20]"
1028,"[1, 2, 4, 9, 11, 12]"
1029,"[1, 2, 4, 9, 11, 13]"
1030,"[1, 2, 4, 9, 11, 14]"
1031,"[1, 2, 4, 9, 11, 15]"
1032,"[1, 2, 4, 9, 11, 16]"
1033,"[1, 2, 4, 9, 11, 17]"
1034,"[1, 2, 4, 9, 11, 18]"
1035,"[1, 2, 4, 9, 11, 19]"
1036,"[1, 2, 4, 9, 11, 20]"
1037,"[1, 2, 4, 9, 12, 13]"
1038,"[1, 2, 4, 9, 12, 14]"
1039,"[1, 2, 4, 9, 12, 15]"
1040,"[1, 2, 4, 9, 12, 16]"
1041,"[1, 2, 4, 9, 12, 17]"
1042,"[1, 2, 4, 9, 12, 18]"
1043,"[1, 2, 4, 9, 12, 19]"
1044,"[1, 2, 4, 9, 12, 20]"
1045,"[1, 2, 4, 9, 13, 14]"
1046,"[1, 2, 4, 9, 13, 15]"
1047,"[1, 2, 4, 9, 13, 16]"
1048,"[1, 2, 4, 9, 13, 17]"
1049,"[1, 2, 4, 9, 13, 18]"
1050,"[1, 2, 4, 9, 13, 19]"
1051,"[1, 2, 4, 9, 13, 20]"
1052,"[1, 2, 4, 9, 14, 15]"
1053,"[1, 2, 4, 9, 14, 16]"
1054,"[1, 2, 4, 9, 14, 17]"
1055,"[1, 2, 4, 9, 14, 18]"
1056,"[1, 2, 4, 9, 14, 19]"
1057,"[1, 2, 4, 9, 14, 20]"
1058,"[1, 2, 4, 9, 15, 16]"
1059,"[1, 2, 4, 9, 15, 17]"
1060,"[1, 2, 4, 9, 15, 18]"
1061,"[1, 2, 4, 9, 15, 19]"
1062,"[1, 2, 4, 9, 15, 20]"
1063,"[1, 2, 4, 9, 16, 17]"
1064,"[1, 2, 4, 9, 16, 18]"
1065,"[1, 2, 4, 9, 16, 19]"
1066,"[1, 2, 4, 9, 16, 20]"
1067,"[1, 2, 4, 9, 17, 18]"
1068,"[1, 2, 4, 9, 17, 19]"
1069,"[1, 2, 4, 9, 17, 20]"
1070,"[1, 2, 4, 9, 18, 19]"
1071,"[1, 2, 4, 9, 18, 20]"
1072,"[1, 2, 4, 9, 19, 20]"
1073,"[1, 2, 4, 10, 11, 12]"
1074,"[1, 2, 4, 10, 11, 13]"
1075,"[1, 2, 4, 10, 11, 14]"
1076,"[1, 2, 4, 10, 11, 15]"
1077,"[1, 2, 4, 10, 11, 16]"
1078,"[1, 2, 4, 10, 11, 17]"
1079,"[1, 2, 4, 10, 11, 18]"
1080,"[1, 2, 4, 10, 11, 19]"
1081,"[1, 2, 4, 10, 11, 20]"
1082,"[1, 2, 4, 10, 12, 13]"
1083,"[1, 2, 4, 10, 12, 14]"
1084,"[1, 2, 4, 10, 12, 15]"
1085,"[1, 2, 4, 10, 12, 16]"
1086,"[1, 2, 4, 10, 12, 17]"
1087,"[1, 2, 4, 10, 12, 18]"
1088,"[1, 2, 4, 10, 12, 19]"
1089,"[1, 2, 4, 10, 12, 20]"
1090,"[1, 2, 4, 10, 13, 14]"
1091,"[1, 2, 4, 10, 13, 15]"
1092,"[1, 2, 4, 10, 13, 16]"
1093,"[1, 2, 4, 10, 13, 17]"
1094,"[1, 2, 4, 10, 13, 18]"
1095,"[1, 2, 4, 10, 13, 19]"
1096,"[1, 2, 4, 10, 13, 20]"
1097,"[1, 2, 4, 10, 14, 15]"
1098,"[1, 2, 4, 10, 14, 16]"
1099,"[1, 2, 4, 10, 14, 17]"
1100,"[1, 2, 4, 10, 14, 18]"
1101,"[1, 2, 4, 10, 14, 19]"
1102,"[1, 2, 4, 10, 14, 20]"
1103,"[1, 2, 4, 10, 15, 16]"
1104,"[1, 2, 4, 10, 15, 17]"
1105,"[1, 2, 4, 10, 15, 18]"
1106,"[1, 2, 4, 10, 15, 19]"
1107,"[1, 2, 4, 10, 15, 20]"
1108,"[1, 2, 4, 10, 16, 17]"
1109,"[1, 2, 4, 10, 16, 18]"
1110,"[1, 2, 4, 10, 16, 19]"
1111,"[1, 2, 4, 10, 16, 20]"
1112,"[1, 2, 4, 10, 17, 18]"
1113,"[1, 2, 4, 10, 17, 19]"
1114,"[1, 2, 4, 10, 17, 20]"
1115,"[1, 2, 4, 10, 18, 19]"
1116,"[1, 2, 4, 10, 18, 20]"
1117,"[1, 2, 4, 10, 19, 20]"
1118,"[1, 2, 4, 11, 12, 13]"
1119,"[1, 2, 4, 11, 12, 14]"
1120,"[1, 2, 4, 11, 12, 15]"
1121,"[1, 2, 4, 11, 12, 16]"
1122,"[1, 2, 4, 11, 12, 17]"
1123,"[1, 2, 4, 11, 12, 18]"
1124,"[1, 2, 4, 11, 12, 19]"
1125,"[1, 2, 4, 11, 12, 20]"
1126,"[1, 2, 4, 11, 13, 14]"
1127,"[1, 2, 4, 11, 13, 15]"
1128,"[1, 2, 4, 11, 13, 16]"
1129,"[1, 2, 4, 11, 13, 17]"
1130,"[1, 2, 4, 11, 13, 18]"
1131,"[1, 2, 4, 11, 13, 19]"
1132,"[1, 2, 4, 11, 13, 20]"
1133,"[1, 2, 4, 11, 14, 15]"
1134,"[1, 2, 4, 11, 14, 16]"
1135,"[1, 2, 4, 11, 14, 17]"
1136,"[1, 2, 4, 11, 14, 18]"
1137,"[1, 2, 4, 11, 14, 19]"
1138,"[1, 2, 4, 11, 14, 20]"
1139,"[1, 2, 4, 11, 15, 16]"
1140,"[1, 2, 4, 11, 15, 17]"
1141,"[1, 2, 4, 11, 15, 18]"
1142,"[1, 2, 4, 11, 15, 19]"
1143,"[1, 2, 4, 11, 15, 20]"
1144,"[1, 2, 4, 11, 16, 17]"
1145,"[1, 2, 4, 11, 16, 18]"
1146,"[1, 2, 4, 11, 16, 19]"
1147,"[1, 2, 4, 11, 16, 20]"
1148,"[1, 2, 4, 11, 17, 18]"
1149,"[1, 2, 4, 11, 17, 19]"
1150,"[1, 2, 4, 11, 17, 20]"
1151,"[1, 2, 4, 11, 18, 19]"
1152,"[1, 2, 4, 11, 18, 20]"
1153,"[1, 2, 4, 11, 19, 20]"
1154,"[1, 2, 4, 12, 13, 14]"
1155,"[1, 2, 4, 12, 13, 15]"
1156,"[1, 2, 4, 12, 13, 16]"
1157,"[1, 2, 4, 12, 13, 17]"
1158,"[1, 2, 4, 12, 13, 18]"
1159,"[1, 2, 4, 12, 13, 19]"
1160,"[1, 2, 4, 12, 13, 20]"
1161,"[1, 2, 4, 12, 14, 15]"
1162,"[1, 2, 4, 12, 14, 16]"
1163,"[1, 2, 4, 12, 14, 17]"
1164,"[1, 2, 4, 12, 14, 18]"
1165,"[1, 2, 4, 12, 14, 19]"
1166,"[1, 2, 4, 12, 14, 20]"
1167,"[1, 2, 4, 12, 15, 16]"
1168,"[1, 2, 4, 12, 15, 17]"
1169,"[1, 2, 4, 12, 15, 18]"
1170,"[1, 2, 4, 12, 15, 19]"
1171,"[1, 2, 4, 12, 15, 20]"
1172,"[1, 2, 4, 12, 16, 17]"
1173,"[1, 2, 4, 12, 16, 18]"
1174,"[1, 2, 4, 12, 16, 19]"
1175,"[1, 2, 4, 12, 16, 20]"
1176,"[1, 2, 4, 12, 17, 18]"
1177,"[1, 2, 4, 12, 17, 19]"
1178,"[1, 2, 4, 12, 17, 20]"
1179,"[1, 2, 4, 12, 18, 19]"
1180,"[1, 2, 4, 12, 18, 20]"
1181,"[1, 2, 4, 12, 19, 20]"
1182,"[1, 2, 4, 13, 14, 15]"
1183,"[1, 2, 4, 13, 14, 16]"
1184,"[1, 2, 4, 13, 14, 17]"
1185,"[1, 2, 4, 13, 14, 18]"
1186,"[1, 2, 4, 13, 14, 19]"
1187,"[1, 2, 4, 13, 14, 20]"
1188,"[1, 2, 4, 13, 15, 16]"
1189,"[1, 2, 4, 13, 15, 17]"
1190,"[1, 2, 4, 13, 15, 18]"
1191,"[1, 2, 4, 13, 15, 19]"
1192,"[1, 2, 4, 13, 15, 20]"
1193,"[1, 2, 4, 13, 16, 17]"
1194,"[1, 2, 4, 13, 16, 18]"
1195,"[1, 2, 4, 13, 16, 19]"
1196,"[1, 2, 4, 13, 16, 20]"
1197,"[1, 2, 4, 13, 17, 18]"
1198,"[1, 2, 4, 13, 17, 19]"
1199,"[1, 2, 4, 13, 17, 20]"
1200,"[1, 2, 4, 13, 18, 19]"
1201,"[1, 2, 4, 13, 18, 20]"
1202,"[1, 2, 4, 13, 19, 20]"
1203,"[1, 2, 4, 14, 15, 16]"
1204,"[1, 2, 4, 14, 15, 17]"
1205,"[1, 2, 4, 14, 15, 18]"
1206,"[1, 2, 4, 14, 15, 19]"
1207,"[1, 2, 4, 14, 15, 20]"
1208,"[1, 2, 4, 14, 16, 17]"
1209,"[1, 2, 4, 14, 16, 18]"
1210,"[1, 2, 4, 14, 16, 19]"
1211,"[1, 2, 4, 14, 16, 20]"
1212,"[1, 2, 4, 14, 17, 18]"
1213,"[1, 2, 4, 14, 17, 19]"
1214,"[1, 2, 4, 14, 17, 20]"
1215,"[1, 2, 4, 14, 18, 19]"
1216,"[1, 2, 4, 14, 18, 20]"
1217,"[1, 2, 4, 14, 19, 20]"
1218,"[1, 2, 4, 15, 16, 17]"
1219,"[1, 2, 4, 15, 16, 18]"
1220,"[1, 2, 4, 15, 16, 19]"
1221,"[1, 2, 4, 15, 16, 20]"
1222,"[1, 2, 4, 15, 17, 18]"
1223,"[1, 2, 4, 15, 17, 19]"
1224,"[1, 2, 4, 15, 17, 20]"
1225,"[1, 2, 4, 15, 18, 19]"
1226,"[1, 2, 4, 15, 18, 20]"
1227,"[1, 2, 4, 15, 19, 20]"
1228,"[1, 2, 4, 16, 17, 18]"
1229,"[1, 2, 4, 16, 17, 19]"
1230,"[1, 2, 4, 16, 17, 20]"
1231,"[1, 2, 4, 16, 18, 19]"
1232,"[1, 2, 4, 16, 18, 20]"
1233,"[1, 2, 4, 16, 19, 20]"
1234,"[1, 2, 4, 17, 18, 19]"
1235,"[1, 2, 4, 17, 18, 20]"
1236,"[1, 2, 4, 17, 19, 20]"
1237,"[1, 2, 4, 18, 19, 20]"
1238,"[1, 2, 5, 6, 7, 8]"
1239,"[1, 2, 5, 6, 7, 9]"
1240,"[1, 2, 5, 6, 7, 10]"
1241,"[1, 2, 5, 6, 7, 11]"
1242,"[1, 2, 5, 6, 7, 12]"
1243,"[1, 2, 5, 6, 7, 13]"
1244,"[1, 2, 5, 6, 7, 14]"
1245,"[1, 2, 5, 6, 7, 15]"
1246,"[1, 2, 5, 6, 7, 16]"
1247,"[1, 2, 5, 6, 7, 17]"
1248,"[1, 2, 5, 6, 7, 18]"
1249,"[1, 2, 5, 6, 7, 19]"
1250,"[1, 2, 5, 6, 7, 20]"
1251,"[1, 2, 5, 6, 8, 9]"
1252,"[1, 2, 5, 6, 8, 10]"
1253,"[1, 2, 5, 6, 8, 11]"
1254,"[1, 2, 5, 6, 8, 12]"
1255,"[1, 2, 5, 6, 8, 13]"
1256,"[1, 2, 5, 6, 8, 14]"
1257,"[1, 2, 5, 6, 8, 15]"
1258,"[1, 2, 5, 6, 8, 16]"
1259,"[1, 2, 5, 6, 8, 17]"
1260,"[1, 2, 5, 6, 8, 18]"
1261,"[1, 2, 5, 6, 8, 19]"
1262,"[1, 2, 5, 6, 8, 20]"
1263,"[1, 2, 5, 6, 9, 10]"
1264,"[1, 2, 5, 6, 9, 11]"
1265,"[1, 2, 5, 6, 9, 12]"
1266,"[1, 2, 5, 6, 9, 13]"
1267,"[1, 2, 5, 6, 9, 14]"
1268,"[1, 2, 5, 6, 9, 15]"
1269,"[1, 2, 5, 6, 9, 16]"
1270,"[1, 2, 5, 6, 9, 17]"
1271,"[1, 2, 5, 6, 9, 18]"
1272,"[1, 2, 5, 6, 9, 19]"
1273,"[1, 2, 5, 6, 9, 20]"
1274,"[1, 2, 5, 6, 10, 11]"
1275,"[1, 2, 5, 6, 10, 12]"
1276,"[1, 2, 5, 6, 10, 13]"
1277,"[1, 2, 5, 6, 10, 14]"
1278,"[1, 2, 5, 6, 10, 15]"
1279,"[1, 2, 5, 6, 10, 16]"
1280,"[1, 2, 5, 6, 10, 17]"
1281,"[1, 2, 5, 6, 10, 18]"
1282,"[1, 2, 5, 6, 10, 19]"
1283,"[1, 2, 5, 6, 10, 20]"
1284,"[1, 2, 5, 6, 11, 12]"
1285,"[1, 2, 5, 6, 11, 13]"
1286,"[1, 2, 5, 6, 11, 14]"
1287,"[1, 2, 5, 6, 11, 15]"
1288,"[1, 2, 5, 6, 11, 16]"
1289,"[1, 2, 5, 6, 11, 17]"
1290,"[1, 2, 5, 6, 11, 18]"
1291,"[1, 2, 5, 6, 11, 19]"
1292,"[1, 2, 5, 6, 11, 20]"
1293,"[1, 2, 5, 6, 12, 13]"
1294,"[1, 2, 5, 6, 12, 14]"
1295,"[1, 2, 5, 6, 12, 15]"
1296,"[1, 2, 5, 6, 12, 16]"
1297,"[1, 2, 5, 6, 12, 17]"
1298,"[1, 2, 5, 6, 12, 18]"
1299,"[1, 2, 5, 6, 12, 19]"
1300,"[1, 2, 5, 6, 12, 20]"
1301,"[1, 2, 5, 6, 13, 14]"
1302,"[1, 2, 5, 6, 13, 15]"
1303,"[1, 2, 5, 6, 13, 16]"
1304,"[1, 2, 5, 6, 13, 17]"
1305,"[1, 2, 5, 6, 13, 18]"
1306,"[1, 2, 5, 6, 13, 19]"
1307,"[1, 2, 5, 6, 13, 20]"
1308,"[1, 2, 5, 6, 14, 15]"
1309,"[1, 2, 5, 6, 14, 16]"
1310,"[1, 2, 5, 6, 14, 17]"
1311,"[1, 2, 5, 6, 14, 18]"
1312,"[1, 2, 5, 6, 14, 19]"
1313,"[1, 2, 5, 6, 14, 20]"
1314,"[1, 2, 5, 6, 15, 16]"
1315,"[1, 2, 5, 6, 15, 17]"
1316,"[1, 2, 5, 6, 15, 18]"
1317,"[1, 2, 5, 6, 15, 19]"
1318,"[1, 2, 5, 6, 15, 20]"
1319,"[1, 2, 5, 6, 16, 17]"
1320,"[1, 2, 5, 6, 16, 18]"
1321,"[1, 2, 5, 6, 16, 19]"
1322,"[1, 2, 5, 6, 16, 20]"
1323,"[1, 2, 5, 6, 17, 18]"
1324,"[1, 2, 5, 6, 17, 19]"
1325,"[1, 2, 5, 6, 17, 20]"
1326,"[1, 2, 5, 6, 18, 19]"
1327,"[1, 2, 5, 6, 18, 20]"
1328,"[1, 2, 5, 6, 19, 20]"
1329,"[1, 2, 5, 7, 8, 9]"
1330,"[1, 2, 5, 7, 8, 10]"
1331,"[1, 2, 5, 7, 8, 11]"
1332,"[1, 2, 5, 7, 8, 12]"
1333,"[1, 2, 5, 7, 8, 13]"
1334,"[1, 2, 5, 7, 8, 14]"
1335,"[1, 2, 5, 7, 8, 15]"
1336,"[1, 2, 5, 7, 8, 16]"
1337,"[1, 2, 5, 7, 8, 17]"
1338,"[1, 2, 5, 7, 8, 18]"
1339,"[1, 2, 5, 7, 8, 19]"
1340,"[1, 2, 5, 7, 8, 20]"
1341,"[1, 2, 5, 7, 9, 10]"
1342,"[1, 2, 5, 7, 9, 11]"
1343,"[1, 2, 5, 7, 9, 12]"
1344,"[1, 2, 5, 7, 9, 13]"
1345,"[1, 2, 5, 7, 9, 14]"
1346,"[1, 2, 5, 7, 9, 15]"
1347,"[1, 2, 5, 7, 9, 16]"
1348,"[1, 2, 5, 7, 9, 17]"
1349,"[1, 2, 5, 7, 9, 18]"
1350,"[1, 2, 5, 7, 9, 19]"
1351,"[1, 2, 5, 7, 9, 20]"
1352,"[1, 2, 5, 7, 10, 11]"
1353,"[1, 2, 5, 7, 10, 12]"
1354,"[1, 2, 5, 7, 10, 13]"
1355,"[1, 2, 5, 7, 10, 14]"
1356,"[1, 2, 5, 7, 10, 15]"
1357,"[1, 2, 5, 7, 10, 16]"
1358,"[1, 2, 5, 7, 10, 17]"
1359,"[1, 2, 5, 7, 10, 18]"
1360,"[1, 2, 5, 7, 10, 19]"
1361,"[1, 2, 5, 7, 10, 20]"
1362,"[1, 2, 5, 7, 11, 12]"
1363,"[1, 2, 5, 7, 11, 13]"
1364,"[1, 2, 5, 7, 11, 14]"
1365,"[1, 2, 5, 7, 11, 15]"
1366,"[1, 2, 5, 7, 11, 16]"
1367,"[1, 2, 5, 7, 11, 17]"
1368,"[1, 2, 5, 7, 11, 18]"
1369,"[1, 2, 5, 7, 11, 19]"
1370,"[1, 2, 5, 7, 11, 20]"
1371,"[1, 2, 5, 7, 12, 13]"
1372,"[1, 2, 5, 7, 12, 14]"
1373,"[1, 2, 5, 7, 12, 15]"
1374,"[1, 2, 5, 7, 12, 16]"
1375,"[1, 2, 5, 7, 12, 17]"
1376,"[1, 2, 5, 7, 12, 18]"
1377,"[1, 2, 5, 7, 12, 19]"
1378,"[1, 2, 5, 7, 12, 20]"
1379,"[1, 2, 5, 7, 13, 14]"
1380,"[1, 2, 5, 7, 13, 15]"
1381,"[1, 2, 5, 7, 13, 16]"
1382,"[1, 2, 5, 7, 13, 17]"
1383,"[1, 2, 5, 7, 13, 18]"
1384,"[1, 2, 5, 7, 13, 19]"
1385,"[1, 2, 5, 7, 13, 20]"
1386,"[1, 2, 5, 7, 14, 15]"
1387,"[1, 2, 5, 7, 14, 16]"
1388,"[1, 2, 5, 7, 14, 17]"
1389,"[1, 2, 5, 7, 14, 18]"
1390,"[1, 2, 5, 7, 14, 19]"
1391,"[1, 2, 5, 7, 14, 20]"
1392,"[1, 2, 5, 7, 15, 16]"
1393,"[1, 2, 5, 7, 15, 17]"
1394,"[1, 2, 5, 7, 15, 18]"
1395,"[1, 2, 5, 7, 15, 19]"
1396,"[1, 2, 5, 7, 15, 20]"
1397,"[1, 2, 5, 7, 16, 17]"
1398,"[1, 2, 5, 7, 16, 18]"
1399,"[1, 2, 5, 7, 16, 19]"
1400,"[1, 2, 5, 7, 16, 20]"
1401,"[1, 2, 5, 7, 17, 18]"
1402,"[1, 2, 5, 7, 17, 19]"
1403,"[1, 2, 5, 7, 17, 20]"
1404,"[1, 2, 5, 7, 18, 19]"
1405,"[1, 2, 5, 7, 18, 20]"
1406,"[1, 2, 5, 7, 19, 20]"
1407,"[1, 2, 5, 8, 9, 10]"
1408,"[1, 2, 5, 8, 9, 11]"
1409,"[1, 2, 5, 8, 9, 12]"
1410,"[1, 2, 5, 8, 9, 13]"
1411,"[1, 2, 5, 8, 9, 14]"
1412,"[1, 2, 5, 8, 9, 15]"
1413,"[1, 2, 5, 8, 9, 17]"
1414,"[1, 2, 5, 8, 9, 18]"
1415,"[1, 2, 5, 8, 9, 19]"
1416,"[1, 2, 5, 8, 9, 20]"
1417,"[1, 2, 5, 8, 10, 11]"
1418,"[1, 2, 5, 8, 10, 12]"
1419,"[1, 2, 5, 8, 10, 13]"
1420,"[1, 2, 5, 8, 10, 14]"
1421,"[1, 2, 5, 8, 10, 15]"
1422,"[1, 2, 5, 8, 10, 16]"
1423,"[1, 2, 5, 8, 10, 17]"
1424,"[1, 2, 5, 8, 10, 18]"
1425,"[1, 2, 5, 8, 10, 19]"
1426,"[1, 2, 5, 8, 10, 20]"
1427,"[1, 2, 5, 8, 11, 12]"
1428,"[1, 2, 5, 8, 11, 13]"
1429,"[1, 2, 5, 8, 11, 14]"
1430,"[1, 2, 5, 8, 11, 15]"
1431,"[1, 2, 5, 8, 11, 16]"
1432,"[1, 2, 5, 8, 11, 17]"
1433,"[1, 2, 5, 8, 11, 18]"
1434,"[1, 2, 5, 8, 11, 19]"
1435,"[1, 2, 5, 8, 11, 20]"
1436,"[1, 2, 5, 8, 12, 13]"
1437,"[1, 2, 5, 8, 12, 14]"
1438,"[1, 2, 5, 8, 12, 15]"
1439,"[1, 2, 5, 8, 12, 16]"
1440,"[1, 2, 5, 8, 12, 17]"
1441,"[1, 2, 5, 8, 12, 18]"
1442,"[1, 2, 5, 8, 12, 19]"
1443,"[1, 2, 5, 8, 12, 20]"
1444,"[1, 2, 5, 8, 13, 14]"
1445,"[1, 2, 5, 8, 13, 15]"
1446,"[1, 2, 5, 8, 13, 16]"
1447,"[1, 2, 5, 8, 13, 17]"
1448,"[1, 2, 5, 8, 13, 18]"
1449,"[1, 2, 5, 8, 13, 19]"
1450,"[1, 2, 5, 8, 13, 20]"
1451,"[1, 2, 5, 8, 14, 15]"
1452,"[1, 2, 5, 8, 14, 16]"
1453,"[1, 2, 5, 8, 14, 17]"
1454,"[1, 2, 5, 8, 14, 18]"
1455,"[1, 2, 5, 8, 14, 19]"
1456,"[1, 2, 5, 8, 14, 20]"
1457,"[1, 2, 5, 8, 15, 16]"
1458,"[1, 2, 5, 8, 15, 17]"
1459,"[1, 2, 5, 8, 15, 18]"
1460,"[1, 2, 5, 8, 15, 19]"
1461,"[1, 2, 5, 8, 15, 20]"
1462,"[1, 2, 5, 8, 16, 17]"
1463,"[1, 2, 5, 8, 16, 18]"
1464,"[1, 2, 5, 8, 16, 19]"
1465,"[1, 2, 5, 8, 16, 20]"
1466,"[1, 2, 5, 8, 17, 18]"
1467,"[1, 2, 5, 8, 17, 19]"
1468,"[1, 2, 5, 8, 17, 20]"
1469,"[1, 2, 5, 8, 18, 19]"
1470,"[1, 2, 5, 8, 18, 20]"
1471,"[1, 2, 5, 8, 19, 20]"
1472,"[1, 2, 5, 9, 10, 11]"
1473,"[1, 2, 5, 9, 10, 12]"
1474,"[1, 2, 5, 9, 10, 13]"
1475,"[1, 2, 5, 9, 10, 14]"
1476,"[1, 2, 5, 9, 10, 15]"
1477,"[1, 2, 5, 9, 10, 16]"
1478,"[1, 2, 5, 9, 10, 17]"
1479,"[1, 2, 5, 9, 10, 18]"
1480,"[1, 2, 5, 9, 10, 19]"
1481,"[1, 2, 5, 9, 10, 20]"
1482,"[1, 2, 5, 9, 11, 12]"
1483,"[1, 2, 5, 9, 11, 13]"
1484,"[1, 2, 5, 9, 11, 14]"
1485,"[1, 2, 5, 9, 11, 15]"
1486,"[1, 2, 5, 9, 11, 16]"
1487,"[1, 2, 5, 9, 11, 17]"
1488,"[1, 2, 5, 9, 11, 18]"
1489,"[1, 2, 5, 9, 11, 19]"
1490,"[1, 2, 5, 9, 11, 20]"
1491,"[1, 2, 5, 9, 12, 13]"
1492,"[1, 2, 5, 9, 12, 14]"
1493,"[1, 2, 5, 9, 12, 15]"
1494,"[1, 2, 5, 9, 12, 16]"
1495,"[1, 2, 5, 9, 12, 17]"
1496,"[1, 2, 5, 9, 12, 18]"
1497,"[1, 2, 5, 9, 12, 19]"
1498,"[1, 2, 5, 9, 12, 20]"
1499,"[1, 2, 5, 9, 13, 14]"
1500,"[1, 2, 5, 9, 13, 15]"
1501,"[1, 2, 5, 9, 13, 16]"
1502,"[1, 2, 5, 9, 13, 17]"
1503,"[1, 2, 5, 9, 13, 18]"
1504,"[1, 2, 5, 9, 13, 19]"
1505,"[1, 2, 5, 9, 13, 20]"
1506,"[1, 2, 5, 9, 14, 15]"
1507,"[1, 2, 5, 9, 14, 16]"
1508,"[1, 2, 5, 9, 14, 17]"
1509,"[1, 2, 5, 9, 14, 18]"
1510,"[1, 2, 5, 9, 14, 19]"
1511,"[1, 2, 5, 9, 14, 20]"
1512,"[1, 2, 5, 9, 15, 16]"
1513,"[1, 2, 5, 9, 15, 17]"
1514,"[1, 2, 5, 9, 15, 18]"
1515,"[1, 2, 5, 9, 15, 19]"
1516,"[1, 2, 5, 9, 15, 20]"
1517,"[1, 2, 5, 9, 16, 17]"
1518,"[1, 2, 5, 9, 16, 18]"
1519,"[1, 2, 5, 9, 16, 19]"
1520,"[1, 2, 5, 9, 16, 20]"
1521,"[1, 2, 5, 9, 17, 18]"
1522,"[1, 2, 5, 9, 17, 19]"
1523,"[1, 2, 5, 9, 17, 20]"
1524,"[1, 2, 5, 9, 18, 19]"
1525,"[1, 2, 5, 9, 18, 20]"
1526,"[1, 2, 5, 9, 19, 20]"
1527,"[1, 2, 5, 10, 11, 12]"
1528,"[1, 2, 5, 10, 11, 13]"
1529,"[1, 2, 5, 10, 11, 14]"
1530,"[1, 2, 5, 10, 11, 15]"
1531,"[1, 2, 5, 10, 11, 16]"
1532,"[1, 2, 5, 10, 11, 17]"
1533,"[1, 2, 5, 10, 11, 18]"
1534,"[1, 2, 5, 10, 11, 19]"
1535,"[1, 2, 5, 10, 11, 20]"
1536,"[1, 2, 5, 10, 12, 13]"
1537,"[1, 2, 5, 10, 12, 14]"
1538,"[1, 2, 5, 10, 12, 15]"
1539,"[1, 2, 5, 10, 12, 16]"
1540,"[1, 2, 5, 10, 12, 17]"
1541,"[1, 2, 5, 10, 12, 18]"
1542,"[1, 2, 5, 10, 12, 19]"
1543,"[1, 2, 5, 10, 12, 20]"
1544,"[1, 2, 5, 10, 13, 14]"
1545,"[1, 2, 5, 10, 13, 15]"
1546,"[1, 2, 5, 10, 13, 16]"
1547,"[1, 2, 5, 10, 13, 17]"
1548,"[1, 2, 5, 10, 13, 18]"
1549,"[1, 2, 5, 10, 13, 19]"
1550,"[1, 2, 5, 10, 13, 20]"
1551,"[1, 2, 5, 10, 14, 15]"
1552,"[1, 2, 5, 10, 14, 16]"
1553,"[1, 2, 5, 10, 14, 17]"
1554,"[1, 2, 5, 10, 14, 18]"
1555,"[1, 2, 5, 10, 14, 19]"
1556,"[1, 2, 5, 10, 14, 20]"
1557,"[1, 2, 5, 10, 15, 16]"
1558,"[1, 2, 5, 10, 15, 17]"
1559,"[1, 2, 5, 10, 15, 18]"
1560,"[1, 2, 5, 10, 15, 19]"
1561,"[1, 2, 5, 10, 15, 20]"
1562,"[1, 2, 5, 10, 16, 17]"
1563,"[1, 2, 5, 10, 16, 18]"
1564,"[1, 2, 5, 10, 16, 19]"
1565,"[1, 2, 5, 10, 16, 20]"
1566,"[1, 2, 5, 10, 17, 18]"
1567,"[1, 2, 5, 10, 17, 19]"
1568,"[1, 2, 5, 10, 17, 20]"
1569,"[1, 2, 5, 10, 18, 19]"
1570,"[1, 2, 5, 10, 18, 20]"
1571,"[1, 2, 5, 10, 19, 20]"
1572,"[1, 2, 5, 11, 12, 13]"
1573,"[1, 2, 5, 11, 12, 14]"
1574,"[1, 2, 5, 11, 12, 15]"
1575,"[1, 2, 5, 11, 12, 16]"
1576,"[1, 2, 5, 11, 12, 17]"
1577,"[1, 2, 5, 11, 12, 18]"
1578,"[1, 2, 5, 11, 12, 19]"
1579,"[1, 2, 5, 11, 12, 20]"
1580,"[1, 2, 5, 11, 13, 14]"
1581,"[1, 2, 5, 11, 13, 15]"
1582,"[1, 2, 5, 11, 13, 16]"
1583,"[1, 2, 5, 11, 13, 17]"
1584,"[1, 2, 5, 11, 13, 18]"
1585,"[1, 2, 5, 11, 13, 19]"
1586,"[1, 2, 5, 11, 13, 20]"
1587,"[1, 2, 5, 11, 14, 15]"
1588,"[1, 2, 5, 11, 14, 16]"
1589,"[1, 2, 5, 11, 14, 17]"
1590,"[1, 2, 5, 11, 14, 18]"
1591,"[1, 2, 5, 11, 14, 19]"
1592,"[1, 2, 5, 11, 14, 20]"
1593,"[1, 2, 5, 11, 15, 16]"
1594,"[1, 2, 5, 11, 15, 17]"
1595,"[1, 2, 5, 11, 15, 18]"
1596,"[1, 2, 5, 11, 15, 19]"
1597,"[1, 2, 5, 11, 15, 20]"
1598,"[1, 2, 5, 11, 16, 17]"
1599,"[1, 2, 5, 11, 16, 18]"
1600,"[1, 2, 5, 11, 16, 19]"
1601,"[1, 2, 5, 11, 16, 20]"
1602,"[1, 2, 5, 11, 17, 18]"
1603,"[1, 2, 5, 11, 17, 19]"
1604,"[1, 2, 5, 11, 17, 20]"
1605,"[1, 2, 5, 11, 18, 19]"
1606,"[1, 2, 5, 11, 18, 20]"
1607,"[1, 2, 5, 11, 19, 20]"
1608,"[1, 2, 5, 12, 13, 14]"
1609,"[1, 2, 5, 12, 13, 15]"
1610,"[1, 2, 5, 12, 13, 16]"
1611,"[1, 2, 5, 12, 13, 17]"
1612,"[1, 2, 5, 12, 13, 18]"
1613,"[1, 2, 5, 12, 13, 19]"
1614,"[1, 2, 5, 12, 13, 20]"
1615,"[1, 2, 5, 12, 14, 15]"
1616,"[1, 2, 5, 12, 14, 16]"
1617,"[1, 2, 5, 12, 14, 17]"
1618,"[1, 2, 5, 12, 14, 18]"
1619,"[1, 2, 5, 12, 14, 19]"
1620,"[1, 2, 5, 12, 14, 20]"
1621,"[1, 2, 5, 12, 15, 16]"
1622,"[1, 2, 5, 12, 15, 17]"
1623,"[1, 2, 5, 12, 15, 18]"
1624,"[1, 2, 5, 12, 15, 19]"
1625,"[1, 2, 5, 12, 15, 20]"
1626,"[1, 2, 5, 12, 16, 17]"
1627,"[1, 2, 5, 12, 16, 18]"
1628,"[1, 2, 5, 12, 16, 19]"
1629,"[1, 2, 5, 12, 16, 20]"
1630,"[1, 2, 5, 12, 17, 18]"
1631,"[1, 2, 5, 12, 17, 19]"
1632,"[1, 2, 5, 12, 17, 20]"
1633,"[1, 2, 5, 12, 18, 19]"
1634,"[1, 2, 5, 12, 18, 20]"
1635,"[1, 2, 5, 12, 19, 20]"
1636,"[1, 2, 5, 13, 14, 15]"
1637,"[1, 2, 5, 13, 14, 16]"
1638,"[1, 2, 5, 13, 14, 17]"
1639,"[1, 2, 5, 13, 14, 18]"
1640,"[1, 2, 5, 13, 14, 19]"
1641,"[1, 2, 5, 13, 14, 20]"
1642,"[1, 2, 5, 13, 15, 16]"
1643,"[1, 2, 5, 13, 15, 17]"
1644,"[1, 2, 5, 13, 15, 18]"
1645,"[1, 2, 5, 13, 15, 19]"
1646,"[1, 2, 5, 13, 15, 20]"
1647,"[1, 2, 5, 13, 16, 17]"
1648,"[1, 2, 5, 13, 16, 18]"
1649,"[1, 2, 5, 13, 16, 19]"
1650,"[1, 2, 5, 13, 16, 20]"
1651,"[1, 2, 5, 13, 17, 18]"
1652,"[1, 2, 5, 13, 17, 19]"
1653,"[1, 2, 5, 13, 17, 20]"
1654,"[1, 2, 5, 13, 18, 19]"
1655,"[1, 2, 5, 13, 18, 20]"
1656,"[1, 2, 5, 13, 19, 20]"
1657,"[1, 2, 5, 14, 15, 16]"
1658,"[1, 2, 5, 14, 15, 17]"
1659,"[1, 2, 5, 14, 15, 18]"
1660,"[1, 2, 5, 14, 15, 19]"
1661,"[1, 2, 5, 14, 15, 20]"
1662,"[1, 2, 5, 14, 16, 17]"
1663,"[1, 2, 5, 14, 16, 18]"
1664,"[1, 2, 5, 14, 16, 19]"
1665,"[1, 2, 5, 14, 16, 20]"
1666,"[1, 2, 5, 14, 17, 18]"
1667,"[1, 2, 5, 14, 17, 19]"
1668,"[1, 2, 5, 14, 17, 20]"
1669,"[1, 2, 5, 14, 18, 19]"
1670,"[1, 2, 5, 14, 18, 20]"
1671,"[1, 2, 5, 14, 19, 20]"
1672,"[1, 2, 5, 15, 16, 17]"
1673,"[1, 2, 5, 15, 16, 18]"
1674,"[1, 2, 5, 15, 16, 19]"
1675,"[1, 2, 5, 15, 16, 20]"
1676,"[1, 2, 5, 15, 17, 18]"
1677,"[1, 2, 5, 15, 17, 19]"
1678,"[1, 2, 5, 15, 17, 20]"
1679,"[1, 2, 5, 15, 18, 19]"
1680,"[1, 2, 5, 15, 18, 20]"
1681,"[1, 2, 5, 15, 19, 20]"
1682,"[1, 2, 5, 16, 17, 18]"
1683,"[1, 2, 5, 16, 17, 19]"
1684,"[1, 2, 5, 16, 17, 20]"
1685,"[1, 2, 5, 16, 18, 19]"
1686,"[1, 2, 5, 16, 18, 20]"
1687,"[1, 2, 5, 16, 19, 20]"
1688,"[1, 2, 5, 17, 18, 19]"
1689,"[1, 2, 5, 17, 18, 20]"
1690,"[1, 2, 5, 17, 19, 20]"
1691,"[1, 2, 5, 18, 19, 20]"
1692,"[1, 2, 6, 7, 8, 9]"
1693,"[1, 2, 6, 7, 8, 10]"
1694,"[1, 2, 6, 7, 8, 11]"
1695,"[1, 2, 6, 7, 8, 12]"
1696,"[1, 2, 6, 7, 8, 13]"
1697,"[1, 2, 6, 7, 8, 14]"
1698,"[1, 2, 6, 7, 8, 15]"
1699,"[1, 2, 6, 7, 8, 16]"
1700,"[1, 2, 6, 7, 8, 17]"
1701,"[1, 2, 6, 7, 8, 18]"
1702,"[1, 2, 6, 7, 8, 19]"
1703,"[1, 2, 6, 7, 8, 20]"
1704,"[1, 2, 6, 7, 9, 10]"
1705,"[1, 2, 6, 7, 9, 11]"
1706,"[1, 2, 6, 7, 9, 12]"
1707,"[1, 2, 6, 7, 9, 13]"
1708,"[1, 2, 6, 7, 9, 14]"
1709,"[1, 2, 6, 7, 9, 15]"
1710,"[1, 2, 6, 7, 9, 16]"
1711,"[1, 2, 6, 7, 9, 17]"
1712,"[1, 2, 6, 7, 9, 18]"
1713,"[1, 2, 6, 7, 9, 19]"
1714,"[1, 2, 6, 7, 9, 20]"
1715,"[1, 2, 6, 7, 10, 11]"
1716,"[1, 2, 6, 7, 10, 12]"
1717,"[1, 2, 6, 7, 10, 13]"
1718,"[1, 2, 6, 7, 10, 14]"
1719,"[1, 2, 6, 7, 10, 15]"
1720,"[1, 2, 6, 7, 10, 16]"
1721,"[1, 2, 6, 7, 10, 17]"
1722,"[1, 2, 6, 7, 10, 18]"
1723,"[1, 2, 6, 7, 10, 19]"
1724,"[1, 2, 6, 7, 10, 20]"
1725,"[1, 2, 6, 7, 11, 12]"
1726,"[1, 2, 6, 7, 11, 13]"
1727,"[1, 2, 6, 7, 11, 14]"
1728,"[1, 2, 6, 7, 11, 15]"
1729,"[1, 2, 6, 7, 11, 16]"
1730,"[1, 2, 6, 7, 11, 17]"
1731,"[1, 2, 6, 7, 11, 18]"
1732,"[1, 2, 6, 7, 11, 19]"
1733,"[1, 2, 6, 7, 11, 20]"
1734,"[1, 2, 6, 7, 12, 13]"
1735,"[1, 2, 6, 7, 12, 14]"
1736,"[1, 2, 6, 7, 12, 15]"
1737,"[1, 2, 6, 7, 12, 16]"
1738,"[1, 2, 6, 7, 12, 17]"
1739,"[1, 2, 6, 7, 12, 18]"
1740,"[1, 2, 6, 7, 12, 19]"
1741,"[1, 2, 6, 7, 12, 20]"
1742,"[1, 2, 6, 7, 13, 14]"
1743,"[1, 2, 6, 7, 13, 15]"
1744,"[1, 2, 6, 7, 13, 16]"
1745,"[1, 2, 6, 7, 13, 17]"
1746,"[1, 2, 6, 7, 13, 18]"
1747,"[1, 2, 6, 7, 13, 19]"
1748,"[1, 2, 6, 7, 13, 20]"
1749,"[1, 2, 6, 7, 14, 15]"
1750,"[1, 2, 6, 7, 14, 16]"
1751,"[1, 2, 6, 7, 14, 17]"
1752,"[1, 2, 6, 7, 14, 18]"
1753,"[1, 2, 6, 7, 14, 19]"
1754,"[1, 2, 6, 7, 14, 20]"
1755,"[1, 2, 6, 7, 15, 16]"
1756,"[1, 2, 6, 7, 15, 17]"
1757,"[1, 2, 6, 7, 15, 18]"
1758,"[1, 2, 6, 7, 15, 19]"
1759,"[1, 2, 6, 7, 15, 20]"
1760,"[1, 2, 6, 7, 16, 17]"
1761,"[1, 2, 6, 7, 16, 18]"
1762,"[1, 2, 6, 7, 16, 19]"
1763,"[1, 2, 6, 7, 16, 20]"
1764,"[1, 2, 6, 7, 17, 18]"
1765,"[1, 2, 6, 7, 17, 19]"
1766,"[1, 2, 6, 7, 17, 20]"
1767,"[1, 2, 6, 7, 18, 19]"
1768,"[1, 2, 6, 7, 18, 20]"
1769,"[1, 2, 6, 7, 19, 20]"
1770,"[1, 2, 6, 8, 9, 10]"
1771,"[1, 2, 6, 8, 9, 11]"
1772,"[1, 2, 6, 8, 9, 12]"
1773,"[1, 2, 6, 8, 9, 13]"
1774,"[1, 2, 6, 8, 9, 14]"
1775,"[1, 2, 6, 8, 9, 15]"
1776,"[1, 2, 6, 8, 9, 17]"
1777,"[1, 2, 6, 8, 9, 18]"
1778,"[1, 2, 6, 8, 9, 19]"
1779,"[1, 2, 6, 8, 9, 20]"
1780,"[1, 2, 6, 8, 10, 11]"
1781,"[1, 2, 6, 8, 10, 12]"
1782,"[1, 2, 6, 8, 10, 13]"
1783,"[1, 2, 6, 8, 10, 14]"
1784,"[1, 2, 6, 8, 10, 15]"
1785,"[1, 2, 6, 8, 10, 16]"
1786,"[1, 2, 6, 8, 10, 17]"
1787,"[1, 2, 6, 8, 10, 18]"
1788,"[1, 2, 6, 8, 10, 19]"
1789,"[1, 2, 6, 8, 10, 20]"
1790,"[1, 2, 6, 8, 11, 12]"
1791,"[1, 2, 6, 8, 11, 13]"
1792,"[1, 2, 6, 8, 11, 14]"
1793,"[1, 2, 6, 8, 11, 15]"
1794,"[1, 2, 6, 8, 11, 16]"
1795,"[1, 2, 6, 8, 11, 17]"
1796,"[1, 2, 6, 8, 11, 18]"
1797,"[1, 2, 6, 8, 11, 19]"
1798,"[1, 2, 6, 8, 11, 20]"
1799,"[1, 2, 6, 8, 12, 13]"
1800,"[1, 2, 6, 8, 12, 14]"
1801,"[1, 2, 6, 8, 12, 15]"
1802,"[1, 2, 6, 8, 12, 16]"
1803,"[1, 2, 6, 8, 12, 17]"
1804,"[1, 2, 6, 8, 12, 18]"
1805,"[1, 2, 6, 8, 12, 19]"
1806,"[1, 2, 6, 8, 12, 20]"
1807,"[1, 2, 6, 8, 13, 14]"
1808,"[1, 2, 6, 8, 13, 15]"
1809,"[1, 2, 6, 8, 13, 16]"
1810,"[1, 2, 6, 8, 13, 17]"
1811,"[1, 2, 6, 8, 13, 18]"
1812,"[1, 2, 6, 8, 13, 19]"
1813,"[1, 2, 6, 8, 13, 20]"
1814,"[1, 2, 6, 8, 14, 15]"
1815,"[1, 2, 6, 8, 14, 16]"
1816,"[1, 2, 6, 8, 14, 17]"
1817,"[1, 2, 6, 8, 14, 18]"
1818,"[1, 2, 6, 8, 14, 19]"
1819,"[1, 2, 6, 8, 14, 20]"
1820,"[1, 2, 6, 8, 15, 16]"
1821,"[1, 2, 6, 8, 15, 17]"
1822,"[1, 2, 6, 8, 15, 18]"
1823,"[1, 2, 6, 8, 15, 19]"
1824,"[1, 2, 6, 8, 15, 20]"
1825,"[1, 2, 6, 8, 16, 17]"
1826,"[1, 2, 6, 8, 16, 18]"
1827,"[1, 2, 6, 8, 16, 19]"
1828,"[1, 2, 6, 8, 16, 20]"
1829,"[1, 2, 6, 8, 17, 18]"
1830,"[1, 2, 6, 8, 17, 19]"
1831,"[1, 2, 6, 8, 17, 20]"
1832,"[1, 2, 6, 8, 18, 19]"
1833,"[1, 2, 6, 8, 18, 20]"
1834,"[1, 2, 6, 8, 19, 20]"
1835,"[1, 2, 6, 9, 10, 11]"
1836,"[1, 2, 6, 9, 10, 12]"
1837,"[1, 2, 6, 9, 10, 13]"
1838,"[1, 2, 6, 9, 10, 14]"
1839,"[1, 2, 6, 9, 10, 15]"
1840,"[1, 2, 6, 9, 10, 16]"
1841,"[1, 2, 6, 9, 10, 17]"
1842,"[1, 2, 6, 9, 10, 18]"
1843,"[1, 2, 6, 9, 10, 19]"
1844,"[1, 2, 6, 9, 10, 20]"
1845,"[1, 2, 6, 9, 11, 12]"
1846,"[1, 2, 6, 9, 11, 13]"
1847,"[1, 2, 6, 9, 11, 14]"
1848,"[1, 2, 6, 9, 11, 15]"
1849,"[1, 2, 6, 9, 11, 16]"
1850,"[1, 2, 6, 9, 11, 17]"
1851,"[1, 2, 6, 9, 11, 18]"
1852,"[1, 2, 6, 9, 11, 19]"
1853,"[1, 2, 6, 9, 11, 20]"
1854,"[1, 2, 6, 9, 12, 13]"
1855,"[1, 2, 6, 9, 12, 14]"
1856,"[1, 2, 6, 9, 12, 15]"
1857,"[1, 2, 6, 9, 12, 16]"
1858,"[1, 2, 6, 9, 12, 17]"
1859,"[1, 2, 6, 9, 12, 18]"
1860,"[1, 2, 6, 9, 12, 19]"
1861,"[1, 2, 6, 9, 12, 20]"
1862,"[1, 2, 6, 9, 13, 14]"
1863,"[1, 2, 6, 9, 13, 15]"
1864,"[1, 2, 6, 9, 13, 16]"
1865,"[1, 2, 6, 9, 13, 17]"
1866,"[1, 2, 6, 9, 13, 18]"
1867,"[1, 2, 6, 9, 13, 19]"
1868,"[1, 2, 6, 9, 13, 20]"
1869,"[1, 2, 6, 9, 14, 15]"
1870,"[1, 2, 6, 9, 14, 16]"
1871,"[1, 2, 6, 9, 14, 17]"
1872,"[1, 2, 6, 9, 14, 18]"
1873,"[1, 2, 6, 9, 14, 19]"
1874,"[1, 2, 6, 9, 14, 20]"
1875,"[1, 2, 6, 9, 15, 16]"
1876,"[1, 2, 6, 9, 15, 17]"
1877,"[1, 2, 6, 9, 15, 18]"
1878,"[1, 2, 6, 9, 15, 19]"
1879,"[1, 2, 6, 9, 15, 20]"
1880,"[1, 2, 6, 9, 16, 17]"
1881,"[1, 2, 6, 9, 16, 18]"
1882,"[1, 2, 6, 9, 16, 19]"
1883,"[1, 2, 6, 9, 16, 20]"
1884,"[1, 2, 6, 9, 17, 18]"
1885,"[1, 2, 6, 9, 17, 19]"
1886,"[1, 2, 6, 9, 17, 20]"
1887,"[1, 2, 6, 9, 18, 19]"
1888,"[1, 2, 6, 9, 18, 20]"
1889,"[1, 2, 6, 9, 19, 20]"
1890,"[1, 2, 6, 10, 11, 12]"
1891,"[1, 2, 6, 10, 11, 13]"
1892,"[1, 2, 6, 10, 11, 14]"
1893,"[1, 2, 6, 10, 11, 15]"
1894,"[1, 2, 6, 10, 11, 16]"
1895,"[1, 2, 6, 10, 11, 17]"
1896,"[1, 2, 6, 10, 11, 18]"
1897,"[1, 2, 6, 10, 11, 19]"
1898,"[1, 2, 6, 10, 11, 20]"
1899,"[1, 2, 6, 10, 12, 13]"
1900,"[1, 2, 6, 10, 12, 14]"
1901,"[1, 2, 6, 10, 12, 15]"
1902,"[1, 2, 6, 10, 12, 16]"
1903,"[1, 2, 6, 10, 12, 17]"
1904,"[1, 2, 6, 10, 12, 18]"
1905,"[1, 2, 6, 10, 12, 19]"
1906,"[1, 2, 6, 10, 12, 20]"
1907,"[1, 2, 6, 10, 13, 14]"
1908,"[1, 2, 6, 10, 13, 15]"
1909,"[1, 2, 6, 10, 13, 16]"
1910,"[1, 2, 6, 10, 13, 17]"
1911,"[1, 2, 6, 10, 13, 18]"
1912,"[1, 2, 6, 10, 13, 19]"
1913,"[1, 2, 6, 10, 13, 20]"
1914,"[1, 2, 6, 10, 14, 15]"
1915,"[1, 2, 6, 10, 14, 16]"
1916,"[1, 2, 6, 10, 14, 17]"
1917,"[1, 2, 6, 10, 14, 18]"
1918,"[1, 2, 6, 10, 14, 19]"
1919,"[1, 2, 6, 10, 14, 20]"
1920,"[1, 2, 6, 10, 15, 16]"
1921,"[1, 2, 6, 10, 15, 17]"
1922,"[1, 2, 6, 10, 15, 18]"
1923,"[1, 2, 6, 10, 15, 19]"
1924,"[1, 2, 6, 10, 15, 20]"
1925,"[1, 2, 6, 10, 16, 17]"
1926,"[1, 2, 6, 10, 16, 18]"
1927,"[1, 2, 6, 10, 16, 19]"
1928,"[1, 2, 6, 10, 16, 20]"
1929,"[1, 2, 6, 10, 17, 18]"
1930,"[1, 2, 6, 10, 17, 19]"
1931,"[1, 2, 6, 10, 17, 20]"
1932,"[1, 2, 6, 10, 18, 19]"
1933,"[1, 2, 6, 10, 18, 20]"
1934,"[1, 2, 6, 10, 19, 20]"
1935,"[1, 2, 6, 11, 12, 13]"
1936,"[1, 2, 6, 11, 12, 14]"
1937,"[1, 2, 6, 11, 12, 15]"
1938,"[1, 2, 6, 11, 12, 16]"
1939,"[1, 2, 6, 11, 12, 17]"
1940,"[1, 2, 6, 11, 12, 18]"
1941,"[1, 2, 6, 11, 12, 19]"
1942,"[1, 2, 6, 11, 12, 20]"
1943,"[1, 2, 6, 11, 13, 14]"
1944,"[1, 2, 6, 11, 13, 15]"
1945,"[1, 2, 6, 11, 13, 16]"
1946,"[1, 2, 6, 11, 13, 17]"
1947,"[1, 2, 6, 11, 13, 18]"
1948,"[1, 2, 6, 11, 13, 19]"
1949,"[1, 2, 6, 11, 13, 20]"
1950,"[1, 2, 6, 11, 14, 15]"
1951,"[1, 2, 6, 11, 14, 16]"
1952,"[1, 2, 6, 11, 14, 17]"
1953,"[1, 2, 6, 11, 14, 18]"
1954,"[1, 2, 6, 11, 14, 19]"
1955,"[1, 2, 6, 11, 14, 20]"
1956,"[1, 2, 6, 11, 15, 16]"
1957,"[1, 2, 6, 11, 15, 17]"
1958,"[1, 2, 6, 11, 15, 18]"
1959,"[1, 2, 6, 11, 15, 19]"
1960,"[1, 2, 6, 11, 15, 20]"
1961,"[1, 2, 6, 11, 16, 17]"
1962,"[1, 2, 6, 11, 16, 18]"
1963,"[1, 2, 6, 11, 16, 19]"
1964,"[1, 2, 6, 11, 16, 20]"
1965,"[1, 2, 6, 11, 17, 18]"
1966,"[1, 2, 6, 11, 17, 19]"
1967,"[1, 2, 6, 11, 17, 20]"
1968,"[1, 2, 6, 11, 18, 19]"
1969,"[1, 2, 6, 11, 18, 20]"
1970,"[1, 2, 6, 11, 19, 20]"
1971,"[1, 2, 6, 12, 13, 14]"
1972,"[1, 2, 6, 12, 13, 15]"
1973,"[1, 2, 6, 12, 13, 16]"
1974,"[1, 2, 6, 12, 13, 17]"
1975,"[1, 2, 6, 12, 13, 18]"
1976,"[1, 2, 6, 12, 13, 19]"
1977,"[1, 2, 6, 12, 13, 20]"
1978,"[1, 2, 6, 12, 14, 15]"
1979,"[1, 2, 6, 12, 14, 16]"
1980,"[1, 2, 6, 12, 14, 17]"
1981,"[1, 2, 6, 12, 14, 18]"
1982,"[1, 2, 6, 12, 14, 19]"
1983,"[1, 2, 6, 12, 14, 20]"
1984,"[1, 2, 6, 12, 15, 16]"
1985,"[1, 2, 6, 12, 15, 17]"
1986,"[1, 2, 6, 12, 15, 18]"
1987,"[1, 2, 6, 12, 15, 19]"
1988,"[1, 2, 6, 12, 15, 20]"
1989,"[1, 2, 6, 12, 16, 17]"
1990,"[1, 2, 6, 12, 16, 18]"
1991,"[1, 2, 6, 12, 16, 19]"
1992,"[1, 2, 6, 12, 16, 20]"
1993,"[1, 2, 6, 12, 17, 18]"
1994,"[1, 2, 6, 12, 17, 19]"
1995,"[1, 2, 6, 12, 17, 20]"
1996,"[1, 2, 6, 12, 18, 19]"
1997,"[1, 2, 6, 12, 18, 20]"
1998,"[1, 2, 6, 12, 19, 20]"
1999,"[1, 2, 6, 13, 14, 15]"
2000,"[1, 2, 6, 13, 14, 16]"
2001,"[1, 2, 6, 13, 14, 17]"
2002,"[1, 2, 6, 13, 14, 18]"
2003,"[1, 2, 6, 13, 14, 19]"
2004,"[1, 2, 6, 13, 14, 20]"
2005,"[1, 2, 6, 13, 15, 16]"
2006,"[1, 2, 6, 13, 15, 17]"
2007,"[1, 2, 6, 13, 15, 18]"
2008,"[1, 2, 6, 13, 15, 19]"
2009,"[1, 2, 6, 13, 15, 20]"
2010,"[1, 2, 6, 13, 16, 17]"
2011,"[1, 2, 6, 13, 16, 18]"
2012,"[1, 2, 6, 13, 16, 19]"
2013,"[1, 2, 6, 13, 16, 20]"
2014,"[1, 2, 6, 13, 17, 18]"
2015,"[1, 2, 6, 13, 17, 19]"
2016,"[1, 2, 6, 13, 17, 20]"
2017,"[1, 2, 6, 13, 18, 19]"
2018,"[1, 2, 6, 13, 18, 20]"
2019,"[1, 2, 6, 13, 19, 20]"
2020,"[1, 2, 6, 14, 15, 16]"
2021,"[1, 2, 6, 14, 15, 17]"
2022,"[1, 2, 6, 14, 15, 18]"
2023,"[1, 2, 6, 14, 15, 19]"
2024,"[1, 2, 6, 14, 15, 20]"
2025,"[1, 2, 6, 14, 16, 17]"
2026,"[1, 2, 6, 14, 16, 18]"
2027,"[1, 2, 6, 14, 16, 19]"
2028,"[1, 2, 6, 14, 16, 20]"
2029,"[1, 2, 6, 14, 17, 18]"
2030,"[1, 2, 6, 14, 17, 19]"
2031,"[1, 2, 6, 14, 17, 20]"
2032,"[1, 2, 6, 14, 18, 19]"
2033,"[1, 2, 6, 14, 18, 20]"
2034,"[1, 2, 6, 14, 19, 20]"
2035,"[1, 2, 6, 15, 16, 17]"
2036,"[1, 2, 6, 15, 16, 18]"
2037,"[1, 2, 6, 15, 16, 19]"
2038,"[1, 2, 6, 15, 16, 20]"
2039,"[1, 2, 6, 15, 17, 18]"
2040,"[1, 2, 6, 15, 17, 19]"
2041,"[1, 2, 6, 15, 17, 20]"
2042,"[1, 2, 6, 15, 18, 19]"
2043,"[1, 2, 6, 15, 18, 20]"
2044,"[1, 2, 6, 15, 19, 20]"
2045,"[1, 2, 6, 16, 17, 18]"
2046,"[1, 2, 6, 16, 17, 19]"
2047,"[1, 2, 6, 16, 17, 20]"
2048,"[1, 2, 6, 16, 18, 19]"
2049,"[1, 2, 6, 16, 18, 20]"
2050,"[1, 2, 6, 16, 19, 20]"
2051,"[1, 2, 6, 17, 18, 19]"
2052,"[1, 2, 6, 17, 18, 20]"
2053,"[1, 2, 6, 17, 19, 20]"
2054,"[1, 2, 6, 18, 19, 20]"
2055,"[1, 2, 7, 8, 9, 10]"
2056,"[1, 2, 7, 8, 9, 11]"
2057,"[1, 2, 7, 8, 9, 12]"
2058,"[1, 2, 7, 8, 9, 13]"
2059,"[1, 2, 7, 8, 9, 14]"
2060,"[1, 2, 7, 8, 9, 15]"
2061,"[1, 2, 7, 8, 9, 17]"
2062,"[1, 2, 7, 8, 9, 18]"
2063,"[1, 2, 7, 8, 9, 19]"
2064,"[1, 2, 7, 8, 9, 20]"
2065,"[1, 2, 7, 8, 10, 11]"
2066,"[1, 2, 7, 8, 10, 12]"
2067,"[1, 2, 7, 8, 10, 13]"
2068,"[1, 2, 7, 8, 10, 14]"
2069,"[1, 2, 7, 8, 10, 15]"
2070,"[1, 2, 7, 8, 10, 16]"
2071,"[1, 2, 7, 8, 10, 17]"
2072,"[1, 2, 7, 8, 10, 18]"
2073,"[1, 2, 7, 8, 10, 19]"
2074,"[1, 2, 7, 8, 10, 20]"
2075,"[1, 2, 7, 8, 11, 12]"
2076,"[1, 2, 7, 8, 11, 13]"
2077,"[1, 2, 7, 8, 11, 14]"
2078,"[1, 2, 7, 8, 11, 15]"
2079,"[1, 2, 7, 8, 11, 16]"
2080,"[1, 2, 7, 8, 11, 17]"
2081,"[1, 2, 7, 8, 11, 18]"
2082,"[1, 2, 7, 8, 11, 19]"
2083,"[1, 2, 7, 8, 11, 20]"
2084,"[1, 2, 7, 8, 12, 13]"
2085,"[1, 2, 7, 8, 12, 14]"
2086,"[1, 2, 7, 8, 12, 15]"
2087,"[1, 2, 7, 8, 12, 16]"
2088,"[1, 2, 7, 8, 12, 17]"
2089,"[1, 2, 7, 8, 12, 18]"
2090,"[1, 2, 7, 8, 12, 19]"
2091,"[1, 2, 7, 8, 12, 20]"
2092,"[1, 2, 7, 8, 13, 14]"
2093,"[1, 2, 7, 8, 13, 15]"
2094,"[1, 2, 7, 8, 13, 16]"
2095,"[1, 2, 7, 8, 13, 17]"
2096,"[1, 2, 7, 8, 13, 18]"
2097,"[1, 2, 7, 8, 13, 19]"
2098,"[1, 2, 7, 8, 13, 20]"
2099,"[1, 2, 7, 8, 14, 15]"
2100,"[1, 2, 7, 8, 14, 16]"
2101,"[1, 2, 7, 8, 14, 17]"
2102,"[1, 2, 7, 8, 14, 18]"
2103,"[1, 2, 7, 8, 14, 19]"
2104,"[1, 2, 7, 8, 14, 20]"
2105,"[1, 2, 7, 8, 15, 16]"
2106,"[1, 2, 7, 8, 15, 17]"
2107,"[1, 2, 7, 8, 15, 18]"
2108,"[1, 2, 7, 8, 15, 19]"
2109,"[1, 2, 7, 8, 15, 20]"
2110,"[1, 2, 7, 8, 16, 17]"
2111,"[1, 2, 7, 8, 16, 18]"
2112,"[1, 2, 7, 8, 16, 19]"
2113,"[1, 2, 7, 8, 16, 20]"
2114,"[1, 2, 7, 8, 17, 18]"
2115,"[1, 2, 7, 8, 17, 19]"
2116,"[1, 2, 7, 8, 17, 20]"
2117,"[1, 2, 7, 8, 18, 19]"
2118,"[1, 2, 7, 8, 18, 20]"
2119,"[1, 2, 7, 8, 19, 20]"
2120,"[1, 2, 7, 9, 10, 11]"
2121,"[1, 2, 7, 9, 10, 12]"
2122,"[1, 2, 7, 9, 10, 13]"
2123,"[1, 2, 7, 9, 10, 14]"
2124,"[1, 2, 7, 9, 10, 15]"
2125,"[1, 2, 7, 9, 10, 16]"
2126,"[1, 2, 7, 9, 10, 17]"
2127,"[1, 2, 7, 9, 10, 18]"
2128,"[1, 2, 7, 9, 10, 19]"
2129,"[1, 2, 7, 9, 10, 20]"
2130,"[1, 2, 7, 9, 11, 12]"
2131,"[1, 2, 7, 9, 11, 13]"
2132,"[1, 2, 7, 9, 11, 14]"
2133,"[1, 2, 7, 9, 11, 15]"
2134,"[1, 2, 7, 9, 11, 16]"
2135,"[1, 2, 7, 9, 11, 17]"
2136,"[1, 2, 7, 9, 11, 18]"
2137,"[1, 2, 7, 9, 11, 19]"
2138,"[1, 2, 7, 9, 11, 20]"
2139,"[1, 2, 7, 9, 12, 13]"
2140,"[1, 2, 7, 9, 12, 14]"
2141,"[1, 2, 7, 9, 12, 15]"
2142,"[1, 2, 7, 9, 12, 16]"
2143,"[1, 2, 7, 9, 12, 17]"
2144,"[1, 2, 7, 9, 12, 18]"
2145,"[1, 2, 7, 9, 12, 19]"
2146,"[1, 2, 7, 9, 12, 20]"
2147,"[1, 2, 7, 9, 13, 14]"
2148,"[1, 2, 7, 9, 13, 15]"
2149,"[1, 2, 7, 9, 13, 16]"
2150,"[1, 2, 7, 9, 13, 17]"
2151,"[1, 2, 7, 9, 13, 18]"
2152,"[1, 2, 7, 9, 13, 19]"
2153,"[1, 2, 7, 9, 13, 20]"
2154,"[1, 2, 7, 9, 14, 15]"
2155,"[1, 2, 7, 9, 14, 16]"
2156,"[1, 2, 7, 9, 14, 17]"
2157,"[1, 2, 7, 9, 14, 18]"
2158,"[1, 2, 7, 9, 14, 19]"
2159,"[1, 2, 7, 9, 14, 20]"
2160,"[1, 2, 7, 9, 15, 16]"
2161,"[1, 2, 7, 9, 15, 17]"
2162,"[1, 2, 7, 9, 15, 18]"
2163,"[1, 2, 7, 9, 15, 19]"
2164,"[1, 2, 7, 9, 15, 20]"
2165,"[1, 2, 7, 9, 16, 17]"
2166,"[1, 2, 7, 9, 16, 18]"
2167,"[1, 2, 7, 9, 16, 19]"
2168,"[1, 2, 7, 9, 16, 20]"
2169,"[1, 2, 7, 9, 17, 18]"
2170,"[1, 2, 7, 9, 17, 19]"
2171,"[1, 2, 7, 9, 17, 20]"
2172,"[1, 2, 7, 9, 18, 19]"
2173,"[1, 2, 7, 9, 18, 20]"
2174,"[1, 2, 7, 9, 19, 20]"
2175,"[1, 2, 7, 10, 11, 12]"
2176,"[1, 2, 7, 10, 11, 13]"
2177,"[1, 2, 7, 10, 11, 14]"
2178,"[1, 2, 7, 10, 11, 15]"
2179,"[1, 2, 7, 10, 11, 16]"
2180,"[1, 2, 7, 10, 11, 17]"
2181,"[1, 2, 7, 10, 11, 18]"
2182,"[1, 2, 7, 10, 11, 19]"
2183,"[1, 2, 7, 10, 11, 20]"
2184,"[1, 2, 7, 10, 12, 13]"
2185,"[1, 2, 7, 10, 12, 14]"
2186,"[1, 2, 7, 10, 12, 15]"
2187,"[1, 2, 7, 10, 12, 16]"
2188,"[1, 2, 7, 10, 12, 17]"
2189,"[1, 2, 7, 10, 12, 18]"
2190,"[1, 2, 7, 10, 12, 19]"
2191,"[1, 2, 7, 10, 12, 20]"
2192,"[1, 2, 7, 10, 13, 14]"
2193,"[1, 2, 7, 10, 13, 15]"
2194,"[1, 2, 7, 10, 13, 16]"
2195,"[1, 2, 7, 10, 13, 17]"
2196,"[1, 2, 7, 10, 13, 18]"
2197,"[1, 2, 7, 10, 13, 19]"
2198,"[1, 2, 7, 10, 13, 20]"
2199,"[1, 2, 7, 10, 14, 15]"
2200,"[1, 2, 7, 10, 14, 16]"
2201,"[1, 2, 7, 10, 14, 17]"
2202,"[1, 2, 7, 10, 14, 18]"
2203,"[1, 2, 7, 10, 14, 19]"
2204,"[1, 2, 7, 10, 14, 20]"
2205,"[1, 2, 7, 10, 15, 16]"
2206,"[1, 2, 7, 10, 15, 17]"
2207,"[1, 2, 7, 10, 15, 18]"
2208,"[1, 2, 7, 10, 15, 19]"
2209,"[1, 2, 7, 10, 15, 20]"
2210,"[1, 2, 7, 10, 16, 17]"
2211,"[1, 2, 7, 10, 16, 18]"
2212,"[1, 2, 7, 10, 16, 19]"
2213,"[1, 2, 7, 10, 16, 20]"
2214,"[1, 2, 7, 10, 17, 18]"
2215,"[1, 2, 7, 10, 17, 19]"
2216,"[1, 2, 7, 10, 17, 20]"
2217,"[1, 2, 7, 10, 18, 19]"
2218,"[1, 2, 7, 10, 18, 20]"
2219,"[1, 2, 7, 10, 19, 20]"
2220,"[1, 2, 7, 11, 12, 13]"
2221,"[1, 2, 7, 11, 12, 14]"
2222,"[1, 2, 7, 11, 12, 15]"
2223,"[1, 2, 7, 11, 12, 16]"
2224,"[1, 2, 7, 11, 12, 17]"
2225,"[1, 2, 7, 11, 12, 18]"
2226,"[1, 2, 7, 11, 12, 19]"
2227,"[1, 2, 7, 11, 12, 20]"
2228,"[1, 2, 7, 11, 13, 14]"
2229,"[1, 2, 7, 11, 13, 15]"
2230,"[1, 2, 7, 11, 13, 16]"
2231,"[1, 2, 7, 11, 13, 17]"
2232,"[1, 2, 7, 11, 13, 18]"
2233,"[1, 2, 7, 11, 13, 19]"
2234,"[1, 2, 7, 11, 13, 20]"
2235,"[1, 2, 7, 11, 14, 15]"
2236,"[1, 2, 7, 11, 14, 16]"
2237,"[1, 2, 7, 11, 14, 17]"
2238,"[1, 2, 7, 11, 14, 18]"
2239,"[1, 2, 7, 11, 14, 19]"
2240,"[1, 2, 7, 11, 14, 20]"
2241,"[1, 2, 7, 11, 15, 16]"
2242,"[1, 2, 7, 11, 15, 17]"
2243,"[1, 2, 7, 11, 15, 18]"
2244,"[1, 2, 7, 11, 15, 19]"
2245,"[1, 2, 7, 11, 15, 20]"
2246,"[1, 2, 7, 11, 16, 17]"
2247,"[1, 2, 7, 11, 16, 18]"
2248,"[1, 2, 7, 11, 16, 19]"
2249,"[1, 2, 7, 11, 16, 20]"
2250,"[1, 2, 7, 11, 17, 18]"
2251,"[1, 2, 7, 11, 17, 19]"
2252,"[1, 2, 7, 11, 17, 20]"
2253,"[1, 2, 7, 11, 18, 19]"
2254,"[1, 2, 7, 11, 18, 20]"
2255,"[1, 2, 7, 11, 19, 20]"
2256,"[1, 2, 7, 12, 13, 14]"
2257,"[1, 2, 7, 12, 13, 15]"
2258,"[1, 2, 7, 12, 13, 16]"
2259,"[1, 2, 7, 12, 13, 17]"
2260,"[1, 2, 7, 12, 13, 18]"
2261,"[1, 2, 7, 12, 13, 19]"
2262,"[1, 2, 7, 12, 13, 20]"
2263,"[1, 2, 7, 12, 14, 15]"
2264,"[1, 2, 7, 12, 14, 16]"
2265,"[1, 2, 7, 12, 14, 17]"
2266,"[1, 2, 7, 12, 14, 18]"
2267,"[1, 2, 7, 12, 14, 19]"
2268,"[1, 2, 7, 12, 14, 20]"
2269,"[1, 2, 7, 12, 15, 16]"
2270,"[1, 2, 7, 12, 15, 17]"
2271,"[1, 2, 7, 12, 15, 18]"
2272,"[1, 2, 7, 12, 15, 19]"
2273,"[1, 2, 7, 12, 15, 20]"
2274,"[1, 2, 7, 12, 16, 17]"
2275,"[1, 2, 7, 12, 16, 18]"
2276,"[1, 2, 7, 12, 16, 19]"
2277,"[1, 2, 7, 12, 16, 20]"
2278,"[1, 2, 7, 12, 17, 18]"
2279,"[1, 2, 7, 12, 17, 19]"
2280,"[1, 2, 7, 12, 17, 20]"
2281,"[1, 2, 7, 12, 18, 19]"
2282,"[1, 2, 7, 12, 18, 20]"
2283,"[1, 2, 7, 12, 19, 20]"
2284,"[1, 2, 7, 13, 14, 15]"
2285,"[1, 2, 7, 13, 14, 16]"
2286,"[1, 2, 7, 13, 14, 17]"
2287,"[1, 2, 7, 13, 14, 18]"
2288,"[1, 2, 7, 13, 14, 19]"
2289,"[1, 2, 7, 13, 14, 20]"
2290,"[1, 2, 7, 13, 15, 16]"
2291,"[1, 2, 7, 13, 15, 17]"
2292,"[1, 2, 7, 13, 15, 18]"
2293,"[1, 2, 7, 13, 15, 19]"
2294,"[1, 2, 7, 13, 15, 20]"
2295,"[1, 2, 7, 13, 16, 17]"
2296,"[1, 2, 7, 13, 16, 18]"
2297,"[1, 2, 7, 13, 16, 19]"
2298,"[1, 2, 7, 13, 16, 20]"
2299,"[1, 2, 7, 13, 17, 18]"
2300,"[1, 2, 7, 13, 17, 19]"
2301,"[1, 2, 7, 13, 17, 20]"
2302,"[1, 2, 7, 13, 18, 19]"
2303,"[1, 2, 7, 13, 18, 20]"
2304,"[1, 2, 7, 13, 19, 20]"
2305,"[1, 2, 7, 14, 15, 16]"
2306,"[1, 2, 7, 14, 15, 17]"
2307,"[1, 2, 7, 14, 15, 18]"
2308,"[1, 2, 7, 14, 15, 19]"
2309,"[1, 2, 7, 14, 15, 20]"
2310,"[1, 2, 7, 14, 16, 17]"
2311,"[1, 2, 7, 14, 16, 18]"
2312,"[1, 2, 7, 14, 16, 19]"
2313,"[1, 2, 7, 14, 16, 20]"
2314,"[1, 2, 7, 14, 17, 18]"
2315,"[1, 2, 7, 14, 17, 19]"
2316,"[1, 2, 7, 14, 17, 20]"
2317,"[1, 2, 7, 14, 18, 19]"
2318,"[1, 2, 7, 14, 18, 20]"
2319,"[1, 2, 7, 14, 19, 20]"
2320,"[1, 2, 7, 15, 16, 17]"
2321,"[1, 2, 7, 15, 16, 18]"
2322,"[1, 2, 7, 15, 16, 19]"
2323,"[1, 2, 7, 15, 16, 20]"
2324,"[1, 2, 7, 15, 17, 18]"
2325,"[1, 2, 7, 15, 17, 19]"
2326,"[1, 2, 7, 15, 17, 20]"
2327,"[1, 2, 7, 15, 18, 19]"
2328,"[1, 2, 7, 15, 18, 20]"
2329,"[1, 2, 7, 15, 19, 20]"
2330,"[1, 2, 7, 16, 17, 18]"
2331,"[1, 2, 7, 16, 17, 19]"
2332,"[1, 2, 7, 16, 17, 20]"
2333,"[1, 2, 7, 16, 18, 19]"
2334,"[1, 2, 7, 16, 18, 20]"
2335,"[1, 2, 7, 16, 19, 20]"
2336,"[1, 2, 7, 17, 18, 19]"
2337,"[1, 2, 7, 17, 18, 20]"
2338,"[1, 2, 7, 17, 19, 20]"
2339,"[1, 2, 7, 18, 19, 20]"
2340,"[1, 2, 8, 9, 10, 11]"
2341,"[1, 2, 8, 9, 10, 12]"
2342,"[1, 2, 8, 9, 10, 13]"
2343,"[1, 2, 8, 9, 10, 14]"
2344,"[1, 2, 8, 9, 10, 15]"
2345,"[1, 2, 8, 9, 10, 17]"
2346,"[1, 2, 8, 9, 10, 18]"
2347,"[1, 2, 8, 9, 10, 19]"
2348,"[1, 2, 8, 9, 10, 20]"
2349,"[1, 2, 8, 9, 11, 12]"
2350,"[1, 2, 8, 9, 11, 13]"
2351,"[1, 2, 8, 9, 11, 14]"
2352,"[1, 2, 8, 9, 11, 15]"
2353,"[1, 2, 8, 9, 11, 17]"
2354,"[1, 2, 8, 9, 11, 18]"
2355,"[1, 2, 8, 9, 11, 19]"
2356,"[1, 2, 8, 9, 11, 20]"
2357,"[1, 2, 8, 9, 12, 13]"
2358,"[1, 2, 8, 9, 12, 14]"
2359,"[1, 2, 8, 9, 12, 15]"
2360,"[1, 2, 8, 9, 12, 17]"
2361,"[1, 2, 8, 9, 12, 18]"
2362,"[1, 2, 8, 9, 12, 19]"
2363,"[1, 2, 8, 9, 12, 20]"
2364,"[1, 2, 8, 9, 13, 14]"
2365,"[1, 2, 8, 9, 13, 15]"
2366,"[1, 2, 8, 9, 13, 17]"
2367,"[1, 2, 8, 9, 13, 18]"
2368,"[1, 2, 8, 9, 13, 19]"
2369,"[1, 2, 8, 9, 13, 20]"
2370,"[1, 2, 8, 9, 14, 15]"
2371,"[1, 2, 8, 9, 14, 17]"
2372,"[1, 2, 8, 9, 14, 18]"
2373,"[1, 2, 8, 9, 14, 19]"
2374,"[1, 2, 8, 9, 14, 20]"
2375,"[1, 2, 8, 9, 15, 17]"
2376,"[1, 2, 8, 9, 15, 18]"
2377,"[1, 2, 8, 9, 15, 19]"
2378,"[1, 2, 8, 9, 15, 20]"
2379,"[1, 2, 8, 9, 17, 18]"
2380,"[1, 2, 8, 9, 17, 19]"
2381,"[1, 2, 8, 9, 17, 20]"
2382,"[1, 2, 8, 9, 18, 19]"
2383,"[1, 2, 8, 9, 18, 20]"
2384,"[1, 2, 8, 9, 19, 20]"
2385,"[1, 2, 8, 10, 11, 12]"
2386,"[1, 2, 8, 10, 11, 13]"
2387,"[1, 2, 8, 10, 11, 14]"
2388,"[1, 2, 8, 10, 11, 15]"
2389,"[1, 2, 8, 10, 11, 16]"
2390,"[1, 2, 8, 10, 11, 17]"
2391,"[1, 2, 8, 10, 11, 18]"
2392,"[1, 2, 8, 10, 11, 19]"
2393,"[1, 2, 8, 10, 11, 20]"
2394,"[1, 2, 8, 10, 12, 13]"
2395,"[1, 2, 8, 10, 12, 14]"
2396,"[1, 2, 8, 10, 12, 15]"
2397,"[1, 2, 8, 10, 12, 16]"
2398,"[1, 2, 8, 10, 12, 17]"
2399,"[1, 2, 8, 10, 12, 18]"
2400,"[1, 2, 8, 10, 12, 19]"
2401,"[1, 2, 8, 10, 12, 20]"
2402,"[1, 2, 8, 10, 13, 14]"
2403,"[1, 2, 8, 10, 13, 15]"
2404,"[1, 2, 8, 10, 13, 16]"
2405,"[1, 2, 8, 10, 13, 17]"
2406,"[1, 2, 8, 10, 13, 18]"
2407,"[1, 2, 8, 10, 13, 19]"
2408,"[1, 2, 8, 10, 13, 20]"
2409,"[1, 2, 8, 10, 14, 15]"
2410,"[1, 2, 8, 10, 14, 16]"
2411,"[1, 2, 8, 10, 14, 17]"
2412,"[1, 2, 8, 10, 14, 18]"
2413,"[1, 2, 8, 10, 14, 19]"
2414,"[1, 2, 8, 10, 14, 20]"
2415,"[1, 2, 8, 10, 15, 16]"
2416,"[1, 2, 8, 10, 15, 17]"
2417,"[1, 2, 8, 10, 15, 18]"
2418,"[1, 2, 8, 10, 15, 19]"
2419,"[1, 2, 8, 10, 15, 20]"
2420,"[1, 2, 8, 10, 16, 17]"
2421,"[1, 2, 8, 10, 16, 18]"
2422,"[1, 2, 8, 10, 16, 19]"
2423,"[1, 2, 8, 10, 16, 20]"
2424,"[1, 2, 8, 10, 17, 18]"
2425,"[1, 2, 8, 10, 17, 19]"
2426,"[1, 2, 8, 10, 17, 20]"
2427,"[1, 2, 8, 10, 18, 19]"
2428,"[1, 2, 8, 10, 18, 20]"
2429,"[1, 2, 8, 10, 19, 20]"
2430,"[1, 2, 8, 11, 12, 13]"
2431,"[1, 2, 8, 11, 12, 14]"
2432,"[1, 2, 8, 11, 12, 15]"
2433,"[1, 2, 8, 11, 12, 16]"
2434,"[1, 2, 8, 11, 12, 17]"
2435,"[1, 2, 8, 11, 12, 18]"
2436,"[1, 2, 8, 11, 12, 19]"
2437,"[1, 2, 8, 11, 12, 20]"
2438,"[1, 2, 8, 11, 13, 14]"
2439,"[1, 2, 8, 11, 13, 15]"
2440,"[1, 2, 8, 11, 13, 16]"
2441,"[1, 2, 8, 11, 13, 17]"
2442,"[1, 2, 8, 11, 13, 18]"
2443,"[1, 2, 8, 11, 13, 19]"
2444,"[1, 2, 8, 11, 13, 20]"
2445,"[1, 2, 8, 11, 14, 15]"
2446,"[1, 2, 8, 11, 14, 16]"
2447,"[1, 2, 8, 11, 14, 17]"
2448,"[1, 2, 8, 11, 14, 18]"
2449,"[1, 2, 8, 11, 14, 19]"
2450,"[1, 2, 8, 11, 14, 20]"
2451,"[1, 2, 8, 11, 15, 16]"
2452,"[1, 2, 8, 11, 15, 17]"
2453,"[1, 2, 8, 11, 15, 18]"
2454,"[1, 2, 8, 11, 15, 19]"
2455,"[1, 2, 8, 11, 15, 20]"
2456,"[1, 2, 8, 11, 16, 17]"
2457,"[1, 2, 8, 11, 16, 18]"
2458,"[1, 2, 8, 11, 16, 19]"
2459,"[1, 2, 8, 11, 16, 20]"
2460,"[1, 2, 8, 11, 17, 18]"
2461,"[1, 2, 8, 11, 17, 19]"
2462,"[1, 2, 8, 11, 17, 20]"
2463,"[1, 2, 8, 11, 18, 19]"
2464,"[1, 2, 8, 11, 18, 20]"
2465,"[1, 2, 8, 11, 19, 20]"
2466,"[1, 2, 8, 12, 13, 14]"
2467,"[1, 2, 8, 12, 13, 15]"
2468,"[1, 2, 8, 12, 13, 16]"
2469,"[1, 2, 8, 12, 13, 17]"
2470,"[1, 2, 8, 12, 13, 18]"
2471,"[1, 2, 8, 12, 13, 19]"
2472,"[1, 2, 8, 12, 13, 20]"
2473,"[1, 2, 8, 12, 14, 15]"
2474,"[1, 2, 8, 12, 14, 16]"
2475,"[1, 2, 8, 12, 14, 17]"
2476,"[1, 2, 8, 12, 14, 18]"
2477,"[1, 2, 8, 12, 14, 19]"
2478,"[1, 2, 8, 12, 14, 20]"
2479,"[1, 2, 8, 12, 15, 16]"
2480,"[1, 2, 8, 12, 15, 17]"
2481,"[1, 2, 8, 12, 15, 18]"
2482,"[1, 2, 8, 12, 15, 19]"
2483,"[1, 2, 8, 12, 15, 20]"
2484,"[1, 2, 8, 12, 16, 17]"
2485,"[1, 2, 8, 12, 16, 18]"
2486,"[1, 2, 8, 12, 16, 19]"
2487,"[1, 2, 8, 12, 16, 20]"
2488,"[1, 2, 8, 12, 17, 18]"
2489,"[1, 2, 8, 12, 17, 19]"
2490,"[1, 2, 8, 12, 17, 20]"
2491,"[1, 2, 8, 12, 18, 19]"
2492,"[1, 2, 8, 12, 18, 20]"
2493,"[1, 2, 8, 12, 19, 20]"
2494,"[1, 2, 8, 13, 14, 15]"
2495,"[1, 2, 8, 13, 14, 16]"
2496,"[1, 2, 8, 13, 14, 17]"
2497,"[1, 2, 8, 13, 14, 18]"
2498,"[1, 2, 8, 13, 14, 19]"
2499,"[1, 2, 8, 13, 14, 20]"
2500,"[1, 2, 8, 13, 15, 16]"
2501,"[1, 2, 8, 13, 15, 17]"
2502,"[1, 2, 8, 13, 15, 18]"
2503,"[1, 2, 8, 13, 15, 19]"
2504,"[1, 2, 8, 13, 15, 20]"
2505,"[1, 2, 8, 13, 16, 17]"
2506,"[1, 2, 8, 13, 16, 18]"
2507,"[1, 2, 8, 13, 16, 19]"
2508,"[1, 2, 8, 13, 16, 20]"
2509,"[1, 2, 8, 13, 17, 18]"
2510,"[1, 2, 8, 13, 17, 19]"
2511,"[1, 2, 8, 13, 17, 20]"
2512,"[1, 2, 8, 13, 18, 19]"
2513,"[1, 2, 8, 13, 18, 20]"
2514,"[1, 2, 8, 13, 19, 20]"
2515,"[1, 2, 8, 14, 15, 16]"
2516,"[1, 2, 8, 14, 15, 17]"
2517,"[1, 2, 8, 14, 15, 18]"
2518,"[1, 2, 8, 14, 15, 19]"
2519,"[1, 2, 8, 14, 15, 20]"
2520,"[1, 2, 8, 14, 16, 17]"
2521,"[1, 2, 8, 14, 16, 18]"
2522,"[1, 2, 8, 14, 16, 19]"
2523,"[1, 2, 8, 14, 16, 20]"
2524,"[1, 2, 8, 14, 17, 18]"
2525,"[1, 2, 8, 14, 17, 19]"
2526,"[1, 2, 8, 14, 17, 20]"
2527,"[1, 2, 8, 14, 18, 19]"
2528,"[1, 2, 8, 14, 18, 20]"
2529,"[1, 2, 8, 14, 19, 20]"
2530,"[1, 2, 8, 15, 16, 17]"
2531,"[1, 2, 8, 15, 16, 18]"
2532,"[1, 2, 8, 15, 16, 19]"
2533,"[1, 2, 8, 15, 16, 20]"
2534,"[1, 2, 8, 15, 17, 18]"
2535,"[1, 2, 8, 15, 17, 19]"
2536,"[1, 2, 8, 15, 17, 20]"
2537,"[1, 2, 8, 15, 18, 19]"
2538,"[1, 2, 8, 15, 18, 20]"
2539,"[1, 2, 8, 15, 19, 20]"
2540,"[1, 2, 8, 16, 17, 18]"
2541,"[1, 2, 8, 16, 17, 19]"
2542,"[1, 2, 8, 16, 17, 20]"
2543,"[1, 2, 8, 16, 18, 19]"
2544,"[1, 2, 8, 16, 18, 20]"
2545,"[1, 2, 8, 16, 19, 20]"
2546,"[1, 2, 8, 17, 18, 19]"
2547,"[1, 2, 8, 17, 18, 20]"
2548,"[1, 2, 8, 17, 19, 20]"
2549,"[1, 2, 8, 18, 19, 20]"
2550,"[1, 2, 9, 10, 11, 12]"
2551,"[1, 2, 9, 10, 11, 13]"
2552,"[1, 2, 9, 10, 11, 14]"
2553,"[1, 2, 9, 10, 11, 15]"
2554,"[1, 2, 9, 10, 11, 16]"
2555,"[1, 2, 9, 10, 11, 17]"
2556,"[1, 2, 9, 10, 11, 18]"
2557,"[1, 2, 9, 10, 11, 19]"
2558,"[1, 2, 9, 10, 11, 20]"
2559,"[1, 2, 9, 10, 12, 13]"
2560,"[1, 2, 9, 10, 12, 14]"
2561,"[1, 2, 9, 10, 12, 15]"
2562,"[1, 2, 9, 10, 12, 16]"
2563,"[1, 2, 9, 10, 12, 17]"
2564,"[1, 2, 9, 10, 12, 18]"
2565,"[1, 2, 9, 10, 12, 19]"
2566,"[1, 2, 9, 10, 12, 20]"
2567,"[1, 2, 9, 10, 13, 14]"
2568,"[1, 2, 9, 10, 13, 15]"
2569,"[1, 2, 9, 10, 13, 16]"
2570,"[1, 2, 9, 10, 13, 17]"
2571,"[1, 2, 9, 10, 13, 18]"
2572,"[1, 2, 9, 10, 13, 19]"
2573,"[1, 2, 9, 10, 13, 20]"
2574,"[1, 2, 9, 10, 14, 15]"
2575,"[1, 2, 9, 10, 14, 16]"
2576,"[1, 2, 9, 10, 14, 17]"
2577,"[1, 2, 9, 10, 14, 18]"
2578,"[1, 2, 9, 10, 14, 19]"
2579,"[1, 2, 9, 10, 14, 20]"
2580,"[1, 2, 9, 10, 15, 16]"
2581,"[1, 2, 9, 10, 15, 17]"
2582,"[1, 2, 9, 10, 15, 18]"
2583,"[1, 2, 9, 10, 15, 19]"
2584,"[1, 2, 9, 10, 15, 20]"
2585,"[1, 2, 9, 10, 16, 17]"
2586,"[1, 2, 9, 10, 16, 18]"
2587,"[1, 2, 9, 10, 16, 19]"
2588,"[1, 2, 9, 10, 16, 20]"
2589,"[1, 2, 9, 10, 17, 18]"
2590,"[1, 2, 9, 10, 17, 19]"
2591,"[1, 2, 9, 10, 17, 20]"
2592,"[1, 2, 9, 10, 18, 19]"
2593,"[1, 2, 9, 10, 18, 20]"
2594,"[1, 2, 9, 10, 19, 20]"
2595,"[1, 2, 9, 11, 12, 13]"
2596,"[1, 2, 9, 11, 12, 14]"
2597,"[1, 2, 9, 11, 12, 15]"
2598,"[1, 2, 9, 11, 12, 16]"
2599,"[1, 2, 9, 11, 12, 17]"
2600,"[1, 2, 9, 11, 12, 18]"
2601,"[1, 2, 9, 11, 12, 19]"
2602,"[1, 2, 9, 11, 12, 20]"
2603,"[1, 2, 9, 11, 13, 14]"
2604,"[1, 2, 9, 11, 13, 15]"
2605,"[1, 2, 9, 11, 13, 16]"
2606,"[1, 2, 9, 11, 13, 17]"
2607,"[1, 2, 9, 11, 13, 18]"
2608,"[1, 2, 9, 11, 13, 19]"
2609,"[1, 2, 9, 11, 13, 20]"
2610,"[1, 2, 9, 11, 14, 15]"
2611,"[1, 2, 9, 11, 14, 16]"
2612,"[1, 2, 9, 11, 14, 17]"
2613,"[1, 2, 9, 11, 14, 18]"
2614,"[1, 2, 9, 11, 14, 19]"
2615,"[1, 2, 9, 11, 14, 20]"
2616,"[1, 2, 9, 11, 15, 16]"
2617,"[1, 2, 9, 11, 15, 17]"
2618,"[1, 2, 9, 11, 15, 18]"
2619,"[1, 2, 9, 11, 15, 19]"
2620,"[1, 2, 9, 11, 15, 20]"
2621,"[1, 2, 9, 11, 16, 17]"
2622,"[1, 2, 9, 11, 16, 18]"
2623,"[1, 2, 9, 11, 16, 19]"
2624,"[1, 2, 9, 11, 16, 20]"
2625,"[1, 2, 9, 11, 17, 18]"
2626,"[1, 2, 9, 11, 17, 19]"
2627,"[1, 2, 9, 11, 17, 20]"
2628,"[1, 2, 9, 11, 18, 19]"
2629,"[1, 2, 9, 11, 18, 20]"
2630,"[1, 2, 9, 11, 19, 20]"
2631,"[1, 2, 9, 12, 13, 14]"
2632,"[1, 2, 9, 12, 13, 15]"
2633,"[1, 2, 9, 12, 13, 16]"
2634,"[1, 2, 9, 12, 13, 17]"
2635,"[1, 2, 9, 12, 13, 18]"
2636,"[1, 2, 9, 12, 13, 19]"
2637,"[1, 2, 9, 12, 13, 20]"
2638,"[1, 2, 9, 12, 14, 15]"
2639,"[1, 2, 9, 12, 14, 16]"
2640,"[1, 2, 9, 12, 14, 17]"
2641,"[1, 2, 9, 12, 14, 18]"
2642,"[1, 2, 9, 12, 14, 19]"
2643,"[1, 2, 9, 12, 14, 20]"
2644,"[1, 2, 9, 12, 15, 16]"
2645,"[1, 2, 9, 12, 15, 17]"
2646,"[1, 2, 9, 12, 15, 18]"
2647,"[1, 2, 9, 12, 15, 19]"
2648,"[1, 2, 9, 12, 15, 20]"
2649,"[1, 2, 9, 12, 16, 17]"
2650,"[1, 2, 9, 12, 16, 18]"
2651,"[1, 2, 9, 12, 16, 19]"
2652,"[1, 2, 9, 12, 16, 20]"
2653,"[1, 2, 9, 12, 17, 18]"
2654,"[1, 2, 9, 12, 17, 19]"
2655,"[1, 2, 9, 12, 17, 20]"
2656,"[1, 2, 9, 12, 18, 19]"
2657,"[1, 2, 9, 12, 18, 20]"
2658,"[1, 2, 9, 12, 19, 20]"
2659,"[1, 2, 9, 13, 14, 15]"
2660,"[1, 2, 9, 13, 14, 16]"
2661,"[1, 2, 9, 13, 14, 17]"
2662,"[1, 2, 9, 13, 14, 18]"
2663,"[1, 2, 9, 13, 14, 19]"
2664,"[1, 2, 9, 13, 14, 20]"
2665,"[1, 2, 9, 13, 15, 16]"
2666,"[1, 2, 9, 13, 15, 17]"
2667,"[1, 2, 9, 13, 15, 18]"
2668,"[1, 2, 9, 13, 15, 19]"
2669,"[1, 2, 9, 13, 15, 20]"
2670,"[1, 2, 9, 13, 16, 17]"
2671,"[1, 2, 9, 13, 16, 18]"
2672,"[1, 2, 9, 13, 16, 19]"
2673,"[1, 2, 9, 13, 16, 20]"
2674,"[1, 2, 9, 13, 17, 18]"
2675,"[1, 2, 9, 13, 17, 19]"
2676,"[1, 2, 9, 13, 17, 20]"
2677,"[1, 2, 9, 13, 18, 19]"
2678,"[1, 2, 9, 13, 18, 20]"
2679,"[1, 2, 9, 13, 19, 20]"
2680,"[1, 2, 9, 14, 15, 16]"
2681,"[1, 2, 9, 14, 15, 17]"
2682,"[1, 2, 9, 14, 15, 18]"
2683,"[1, 2, 9, 14, 15, 19]"
2684,"[1, 2, 9, 14, 15, 20]"
2685,"[1, 2, 9, 14, 16, 17]"
2686,"[1, 2, 9, 14, 16, 18]"
2687,"[1, 2, 9, 14, 16, 19]"
2688,"[1, 2, 9, 14, 16, 20]"
2689,"[1, 2, 9, 14, 17, 18]"
2690,"[1, 2, 9, 14, 17, 19]"
2691,"[1, 2, 9, 14, 17, 20]"
2692,"[1, 2, 9, 14, 18, 19]"
2693,"[1, 2, 9, 14, 18, 20]"
2694,"[1, 2, 9, 14, 19, 20]"
2695,"[1, 2, 9, 15, 16, 17]"
2696,"[1, 2, 9, 15, 16, 18]"
2697,"[1, 2, 9, 15, 16, 19]"
2698,"[1, 2, 9, 15, 16, 20]"
2699,"[1, 2, 9, 15, 17, 18]"
2700,"[1, 2, 9, 15, 17, 19]"
2701,"[1, 2, 9, 15, 17, 20]"
2702,"[1, 2, 9, 15, 18, 19]"
2703,"[1, 2, 9, 15, 18, 20]"
2704,"[1, 2, 9, 15, 19, 20]"
2705,"[1, 2, 9, 16, 17, 18]"
2706,"[1, 2, 9, 16, 17, 19]"
2707,"[1, 2, 9, 16, 17, 20]"
2708,"[1, 2, 9, 16, 18, 19]"
2709,"[1, 2, 9, 16, 18, 20]"
2710,"[1, 2, 9, 16, 19, 20]"
2711,"[1, 2, 9, 17, 18, 19]"
2712,"[1, 2, 9, 17, 18, 20]"
2713,"[1, 2, 9, 17, 19, 20]"
2714,"[1, 2, 9, 18, 19, 20]"
2715,"[1, 2, 10, 11, 12, 13]"
2716,"[1, 2, 10, 11, 12, 14]"
2717,"[1, 2, 10, 11, 12, 15]"
2718,"[1, 2, 10, 11, 12, 16]"
2719,"[1, 2, 10, 11, 12, 17]"
2720,"[1, 2, 10, 11, 12, 18]"
2721,"[1, 2, 10, 11, 12, 19]"
2722,"[1, 2, 10, 11, 12, 20]"
2723,"[1, 2, 10, 11, 13, 14]"
2724,"[1, 2, 10, 11, 13, 15]"
2725,"[1, 2, 10, 11, 13, 16]"
2726,"[1, 2, 10, 11, 13, 17]"
2727,"[1, 2, 10, 11, 13, 18]"
2728,"[1, 2, 10, 11, 13, 19]"
2729,"[1, 2, 10, 11, 13, 20]"
2730,"[1, 2, 10, 11, 14, 15]"
2731,"[1, 2, 10, 11, 14, 16]"
2732,"[1, 2, 10, 11, 14, 17]"
2733,"[1, 2, 10, 11, 14, 18]"
2734,"[1, 2, 10, 11, 14, 19]"
2735,"[1, 2, 10, 11, 14, 20]"
2736,"[1, 2, 10, 11, 15, 16]"
2737,"[1, 2, 10, 11, 15, 17]"
2738,"[1, 2, 10, 11, 15, 18]"
2739,"[1, 2, 10, 11, 15, 19]"
2740,"[1, 2, 10, 11, 15, 20]"
2741,"[1, 2, 10, 11, 16, 17]"
2742,"[1, 2, 10, 11, 16, 18]"
2743,"[1, 2, 10, 11, 16, 19]"
2744,"[1, 2, 10, 11, 16, 20]"
2745,"[1, 2, 10, 11, 17, 18]"
2746,"[1, 2, 10, 11, 17, 19]"
2747,"[1, 2, 10, 11, 17, 20]"
2748,"[1, 2, 10, 11, 18, 19]"
2749,"[1, 2, 10, 11, 18, 20]"
2750,"[1, 2, 10, 11, 19, 20]"
2751,"[1, 2, 10, 12, 13, 14]"
2752,"[1, 2, 10, 12, 13, 15]"
2753,"[1, 2, 10, 12, 13, 16]"
2754,"[1, 2, 10, 12, 13, 17]"
2755,"[1, 2, 10, 12, 13, 18]"
2756,"[1, 2, 10, 12, 13, 19]"
2757,"[1, 2, 10, 12, 13, 20]"
2758,"[1, 2, 10, 12, 14, 15]"
2759,"[1, 2, 10, 12, 14, 16]"
2760,"[1, 2, 10, 12, 14, 17]"
2761,"[1, 2, 10, 12, 14, 18]"
2762,"[1, 2, 10, 12, 14, 19]"
2763,"[1, 2, 10, 12, 14, 20]"
2764,"[1, 2, 10, 12, 15, 16]"
2765,"[1, 2, 10, 12, 15, 17]"
2766,"[1, 2, 10, 12, 15, 18]"
2767,"[1, 2, 10, 12, 15, 19]"
2768,"[1, 2, 10, 12, 15, 20]"
2769,"[1, 2, 10, 12, 16, 17]"
2770,"[1, 2, 10, 12, 16, 18]"
2771,"[1, 2, 10, 12, 16, 19]"
2772,"[1, 2, 10, 12, 16, 20]"
2773,"[1, 2, 10, 12, 17, 18]"
2774,"[1, 2, 10, 12, 17, 19]"
2775,"[1, 2, 10, 12, 17, 20]"
2776,"[1, 2, 10, 12, 18, 19]"
2777,"[1, 2, 10, 12, 18, 20]"
2778,"[1, 2, 10, 12, 19, 20]"
2779,"[1, 2, 10, 13, 14, 15]"
2780,"[1, 2, 10, 13, 14, 16]"
2781,"[1, 2, 10, 13, 14, 17]"
2782,"[1, 2, 10, 13, 14, 18]"
2783,"[1, 2, 10, 13, 14, 19]"
2784,"[1, 2, 10, 13, 14, 20]"
2785,"[1, 2, 10, 13, 15, 16]"
2786,"[1, 2, 10, 13, 15, 17]"
2787,"[1, 2, 10, 13, 15, 18]"
2788,"[1, 2, 10, 13, 15, 19]"
2789,"[1, 2, 10, 13, 15, 20]"
2790,"[1, 2, 10, 13, 16, 17]"
2791,"[1, 2, 10, 13, 16, 18]"
2792,"[1, 2, 10, 13, 16, 19]"
2793,"[1, 2, 10, 13, 16, 20]"
2794,"[1, 2, 10, 13, 17, 18]"
2795,"[1, 2, 10, 13, 17, 19]"
2796,"[1, 2, 10, 13, 17, 20]"
2797,"[1, 2, 10, 13, 18, 19]"
2798,"[1, 2, 10, 13, 18, 20]"
2799,"[1, 2, 10, 13, 19, 20]"
2800,"[1, 2, 10, 14, 15, 16]"
2801,"[1, 2, 10, 14, 15, 17]"
2802,"[1, 2, 10, 14, 15, 18]"
2803,"[1, 2, 10, 14, 15, 19]"
2804,"[1, 2, 10, 14, 15, 20]"
2805,"[1, 2, 10, 14, 16, 17]"
2806,"[1, 2, 10, 14, 16, 18]"
2807,"[1, 2, 10, 14, 16, 19]"
2808,"[1, 2, 10, 14, 16, 20]"
2809,"[1, 2, 10, 14, 17, 18]"
2810,"[1, 2, 10, 14, 17, 19]"
2811,"[1, 2, 10, 14, 17, 20]"
2812,"[1, 2, 10, 14, 18, 19]"
2813,"[1, 2, 10, 14, 18, 20]"
2814,"[1, 2, 10, 14, 19, 20]"
2815,"[1, 2, 10, 15, 16, 17]"
2816,"[1, 2, 10, 15, 16, 18]"
2817,"[1, 2, 10, 15, 16, 19]"
2818,"[1, 2, 10, 15, 16, 20]"
2819,"[1, 2, 10, 15, 17, 18]"
2820,"[1, 2, 10, 15, 17, 19]"
2821,"[1, 2, 10, 15, 17, 20]"
2822,"[1, 2, 10, 15, 18, 19]"
2823,"[1, 2, 10, 15, 18, 20]"
2824,"[1, 2, 10, 15, 19, 20]"
2825,"[1, 2, 10, 16, 17, 18]"
2826,"[1, 2, 10, 16, 17, 19]"
2827,"[1, 2, 10, 16, 17, 20]"
2828,"[1, 2, 10, 16, 18, 19]"
2829,"[1, 2, 10, 16, 18, 20]"
2830,"[1, 2, 10, 16, 19, 20]"
2831,"[1, 2, 10, 17, 18, 19]"
2832,"[1, 2, 10, 17, 18, 20]"
2833,"[1, 2, 10, 17, 19, 20]"
2834,"[1, 2, 10, 18, 19, 20]"
2835,"[1, 2, 11, 12, 13, 14]"
2836,"[1, 2, 11, 12, 13, 15]"
2837,"[1, 2, 11, 12, 13, 16]"
2838,"[1, 2, 11, 12, 13, 17]"
2839,"[1, 2, 11, 12, 13, 18]"
2840,"[1, 2, 11, 12, 13, 19]"
2841,"[1, 2, 11, 12, 13, 20]"
2842,"[1, 2, 11, 12, 14, 15]"
2843,"[1, 2, 11, 12, 14, 16]"
2844,"[1, 2, 11, 12, 14, 17]"
2845,"[1, 2, 11, 12, 14, 18]"
2846,"[1, 2, 11, 12, 14, 19]"
2847,"[1, 2, 11, 12, 14, 20]"
2848,"[1, 2, 11, 12, 15, 16]"
2849,"[1, 2, 11, 12, 15, 17]"
2850,"[1, 2, 11, 12, 15, 18]"
2851,"[1, 2, 11, 12, 15, 19]"
2852,"[1, 2, 11, 12, 15, 20]"
2853,"[1, 2, 11, 12, 16, 17]"
2854,"[1, 2, 11, 12, 16, 18]"
2855,"[1, 2, 11, 12, 16, 19]"
2856,"[1, 2, 11, 12, 16, 20]"
2857,"[1, 2, 11, 12, 17, 18]"
2858,"[1, 2, 11, 12, 17, 19]"
2859,"[1, 2, 11, 12, 17, 20]"
2860,"[1, 2, 11, 12, 18, 19]"
2861,"[1, 2, 11, 12, 18, 20]"
2862,"[1, 2, 11, 12, 19, 20]"
2863,"[1, 2, 11, 13, 14, 15]"
2864,"[1, 2, 11, 13, 14, 16]"
2865,"[1, 2, 11, 13, 14, 17]"
2866,"[1, 2, 11, 13, 14, 18]"
2867,"[1, 2, 11, 13, 14, 19]"
2868,"[1, 2, 11, 13, 14, 20]"
2869,"[1, 2, 11, 13, 15, 16]"
2870,"[1, 2, 11, 13, 15, 17]"
2871,"[1, 2, 11, 13, 15, 18]"
2872,"[1, 2, 11, 13, 15, 19]"
2873,"[1, 2, 11, 13, 15, 20]"
2874,"[1, 2, 11, 13, 16, 17]"
2875,"[1, 2, 11, 13, 16, 18]"
2876,"[1, 2, 11, 13, 16, 19]"
2877,"[1, 2, 11, 13, 16, 20]"
2878,"[1, 2, 11, 13, 17, 18]"
2879,"[1, 2, 11, 13, 17, 19]"
2880,"[1, 2, 11, 13, 17, 20]"
2881,"[1, 2, 11, 13, 18, 19]"
2882,"[1, 2, 11, 13, 18, 20]"
2883,"[1, 2, 11, 13, 19, 20]"
2884,"[1, 2, 11, 14, 15, 16]"
2885,"[1, 2, 11, 14, 15, 17]"
2886,"[1, 2, 11, 14, 15, 18]"
2887,"[1, 2, 11, 14, 15, 19]"
2888,"[1, 2, 11, 14, 15, 20]"
2889,"[1, 2, 11, 14, 16, 17]"
2890,"[1, 2, 11, 14, 16, 18]"
2891,"[1, 2, 11, 14, 16, 19]"
2892,"[1, 2, 11, 14, 16, 20]"
2893,"[1, 2, 11, 14, 17, 18]"
2894,"[1, 2, 11, 14, 17, 19]"
2895,"[1, 2, 11, 14, 17, 20]"
2896,"[1, 2, 11, 14, 18, 19]"
2897,"[1, 2, 11, 14, 18, 20]"
2898,"[1, 2, 11, 14, 19, 20]"
2899,"[1, 2, 11, 15, 16, 17]"
2900,"[1, 2, 11, 15, 16, 18]"
2901,"[1, 2, 11, 15, 16, 19]"
2902,"[1, 2, 11, 15, 16, 20]"
2903,"[1, 2, 11, 15, 17, 18]"
2904,"[1, 2, 11, 15, 17, 19]"
2905,"[1, 2, 11, 15, 17, 20]"
2906,"[1, 2, 11, 15, 18, 19]"
2907,"[1, 2, 11, 15, 18, 20]"
2908,"[1, 2, 11, 15, 19, 20]"
2909,"[1, 2, 11, 16, 17, 18]"
2910,"[1, 2, 11, 16, 17, 19]"
2911,"[1, 2, 11, 16, 17, 20]"
2912,"[1, 2, 11, 16, 18, 19]"
2913,"[1, 2, 11, 16, 18, 20]"
2914,"[1, 2, 11, 16, 19, 20]"
2915,"[1, 2, 11, 17, 18, 19]"
2916,"[1, 2, 11, 17, 18, 20]"
2917,"[1, 2, 11, 17, 19, 20]"
2918,"[1, 2, 11, 18, 19, 20]"
2919,"[1, 2, 12, 13, 14, 15]"
2920,"[1, 2, 12, 13, 14, 16]"
2921,"[1, 2, 12, 13, 14, 17]"
2922,"[1, 2, 12, 13, 14, 18]"
2923,"[1, 2, 12, 13, 14, 19]"
2924,"[1, 2, 12, 13, 14, 20]"
2925,"[1, 2, 12, 13, 15, 16]"
2926,"[1, 2, 12, 13, 15, 17]"
2927,"[1, 2, 12, 13, 15, 18]"
2928,"[1, 2, 12, 13, 15, 19]"
2929,"[1, 2, 12, 13, 15, 20]"
2930,"[1, 2, 12, 13, 16, 17]"
2931,"[1, 2, 12, 13, 16, 18]"
2932,"[1, 2, 12, 13, 16, 19]"
2933,"[1, 2, 12, 13, 16, 20]"
2934,"[1, 2, 12, 13, 17, 18]"
2935,"[1, 2, 12, 13, 17, 19]"
2936,"[1, 2, 12, 13, 17, 20]"
2937,"[1, 2, 12, 13, 18, 19]"
2938,"[1, 2, 12, 13, 18, 20]"
2939,"[1, 2, 12, 13, 19, 20]"
2940,"[1, 2, 12, 14, 15, 16]"
2941,"[1, 2, 12, 14, 15, 17]"
2942,"[1, 2, 12, 14, 15, 18]"
2943,"[1, 2, 12, 14, 15, 19]"
2944,"[1, 2, 12, 14, 15, 20]"
2945,"[1, 2, 12, 14, 16, 17]"
2946,"[1, 2, 12, 14, 16, 18]"
2947,"[1, 2, 12, 14, 16, 19]"
2948,"[1, 2, 12, 14, 16, 20]"
2949,"[1, 2, 12, 14, 17, 18]"
2950,"[1, 2, 12, 14, 17, 19]"
2951,"[1, 2, 12, 14, 17, 20]"
2952,"[1, 2, 12, 14, 18, 19]"
2953,"[1, 2, 12, 14, 18, 20]"
2954,"[1, 2, 12, 14, 19, 20]"
2955,"[1, 2, 12, 15, 16, 17]"
2956,"[1, 2, 12, 15, 16, 18]"
2957,"[1, 2, 12, 15, 16, 19]"
2958,"[1, 2, 12, 15, 16, 20]"
2959,"[1, 2, 12, 15, 17, 18]"
2960,"[1, 2, 12, 15, 17, 19]"
2961,"[1, 2, 12, 15, 17, 20]"
2962,"[1, 2, 12, 15, 18, 19]"
2963,"[1, 2, 12, 15, 18, 20]"
2964,"[1, 2, 12, 15, 19, 20]"
2965,"[1, 2, 12, 16, 17, 18]"
2966,"[1, 2, 12, 16, 17, 19]"
2967,"[1, 2, 12, 16, 17, 20]"
2968,"[1, 2, 12, 16, 18, 19]"
2969,"[1, 2, 12, 16, 18, 20]"
2970,"[1, 2, 12, 16, 19, 20]"
2971,"[1, 2, 12, 17, 18, 19]"
2972,"[1, 2, 12, 17, 18, 20]"
2973,"[1, 2, 12, 17, 19, 20]"
2974,"[1, 2, 12, 18, 19, 20]"
2975,"[1, 2, 13, 14, 15, 16]"
2976,"[1, 2, 13, 14, 15, 17]"
2977,"[1, 2, 13, 14, 15, 18]"
2978,"[1, 2, 13, 14, 15, 19]"
2979,"[1, 2, 13, 14, 15, 20]"
2980,"[1, 2, 13, 14, 16, 17]"
2981,"[1, 2, 13, 14, 16, 18]"
2982,"[1, 2, 13, 14, 16, 19]"
2983,"[1, 2, 13, 14, 16, 20]"
2984,"[1, 2, 13, 14, 17, 18]"
2985,"[1, 2, 13, 14, 17, 19]"
2986,"[1, 2, 13, 14, 17, 20]"
2987,"[1, 2, 13, 14, 18, 19]"
2988,"[1, 2, 13, 14, 18, 20]"
2989,"[1, 2, 13, 14, 19, 20]"
2990,"[1, 2, 13, 15, 16, 17]"
2991,"[1, 2, 13, 15, 16, 18]"
2992,"[1, 2, 13, 15, 16, 19]"
2993,"[1, 2, 13, 15, 16, 20]"
2994,"[1, 2, 13, 15, 17, 18]"
2995,"[1, 2, 13, 15, 17, 19]"
2996,"[1, 2, 13, 15, 17, 20]"
2997,"[1, 2, 13, 15, 18, 19]"
2998,"[1, 2, 13, 15, 18, 20]"
2999,"[1, 2, 13, 15, 19, 20]"
3000,"[1, 2, 13, 16, 17, 18]"
3001,"[1, 2, 13, 16, 17, 19]"
3002,"[1, 2, 13, 16, 17, 20]"
3003,"[1, 2, 13, 16, 18, 19]"
3004,"[1, 2, 13, 16, 18, 20]"
3005,"[1, 2, 13, 16, 19, 20]"
3006,"[1, 2, 13, 17, 18, 19]"
3007,"[1, 2, 13, 17, 18, 20]"
3008,"[1, 2, 13, 17, 19, 20]"
3009,"[1, 2, 13, 18, 19, 20]"
3010,"[1, 2, 14, 15, 16, 17]"
3011,"[1, 2, 14, 15, 16, 18]"
3012,"[1, 2, 14, 15, 16, 19]"
3013,"[1, 2, 14, 15, 16, 20]"
3014,"[1, 2, 14, 15, 17, 18]"
3015,"[1, 2, 14, 15, 17, 19]"
3016,"[1, 2, 14, 15, 17, 20]"
3017,"[1, 2, 14, 15, 18, 19]"
3018,"[1, 2, 14, 15, 18, 20]"
3019,"[1, 2, 14, 15, 19, 20]"
3020,"[1, 2, 14, 16, 17, 18]"
3021,"[1, 2, 14, 16, 17, 19]"
3022,"[1, 2, 14, 16, 17, 20]"
3023,"[1, 2, 14, 16, 18, 19]"
3024,"[1, 2, 14, 16, 18, 20]"
3025,"[1, 2, 14, 16, 19, 20]"
3026,"[1, 2, 14, 17, 18, 19]"
3027,"[1, 2, 14, 17, 18, 20]"
3028,"[1, 2, 14, 17, 19, 20]"
3029,"[1, 2, 14, 18, 19, 20]"
3030,"[1, 2, 15, 16, 17, 18]"
3031,"[1, 2, 15, 16, 17, 19]"
3032,"[1, 2, 15, 16, 17, 20]"
3033,"[1, 2, 15, 16, 18, 19]"
3034,"[1, 2, 15, 16, 18, 20]"
3035,"[1, 2, 15, 16, 19, 20]"
3036,"[1, 2, 15, 17, 18, 19]"
3037,"[1, 2, 15, 17, 18, 20]"
3038,"[1, 2, 15, 17, 19, 20]"
3039,"[1, 2, 15, 18, 19, 20]"
3040,"[1, 2, 16, 17, 18, 20]"
3041,"[1, 2, 16, 17, 19, 20]"
3042,"[1, 2, 16, 18, 19, 20]"
3043,"[1, 2, 17, 18, 19, 20]"
